Customer_ID,Name,Age,Yearly_Income,Plan_Type,Service_Rating,Churn
CUST_1000,Jane Smith,56.0,35795,Premium,3,0
CUST_1001,Bob Brown,36.0,148214,Basic,4,1
CUST_1002,Jane Rodriguez,,80263,Standard,5,0
CUST_1003,David Smith,,103104,Basic,4,1
CUST_1004,Bob Brown,61.0,113016,Basic,5,0
CUST_1005,John Rodriguez,33.0,79150,Standard,2,1
CUST_1006,Chris Miller,61.0,76886,Premium,5,0
CUST_1007,Emma Jones,26.0,100038,Basic,1,1
CUST_1008,John Williams,31.0,93969,Basic,3,1
CUST_1009,Sarah Jones,25.0,130510,Basic,1,1
CUST_1010,Sarah Johnson,,87121,Standard,3,0
CUST_1011,Jane Garcia,21.0,60757,Basic,1,1
CUST_1012,Emma Jones,43.0,91211,Premium,5,0
CUST_1013,Emily Rodriguez,57.0,109812,Basic,1,1
CUST_1014,David Johnson,64.0,29268,Standard,5,0
CUST_1015,Emma Garcia,58.0,58044,Premium,2,0
CUST_1016,Jane Smith,42.0,60774,Standard,4,0
CUST_1017,Michael Johnson,68.0,59504,Standard,4,0
CUST_1018,Jane Miller,50.0,32666,Basic,1,1
CUST_1019,Sarah Williams,25.0,98603,Basic,4,1
CUST_1020,Bob Jones,52.0,104651,Standard,5,0
CUST_1021,Jane Martinez,64.0,99309,Premium,5,0
CUST_1022,Chris Brown,43.0,118806,Standard,1,1
CUST_1023,David Jones,59.0,43419,Basic,1,1
CUST_1024,Chris Brown,69.0,74268,Standard,5,0
CUST_1025,John Brown,32.0,137930,Basic,4,1
CUST_1026,Sarah Miller,49.0,101734,Basic,3,1
CUST_1027,Bob Martinez,45.0,132235,Basic,2,1
CUST_1028,Sarah Brown,45.0,41976,Basic,1,1
CUST_1029,David Davis,69.0,147948,Premium,4,0
CUST_1030,Alice Brown,26.0,139101,Basic,2,1
CUST_1031,Chris Jones,49.0,115839,Standard,5,0
CUST_1032,David Martinez,66.0,71005,Premium,2,0
CUST_1033,Bob Williams,34.0,135386,Standard,3,0
CUST_1034,Jane Smith,45.0,132181,Basic,1,1
CUST_1035,Alice Williams,61.0,145657,Premium,5,0
CUST_1036,David Martinez,,129751,Basic,3,1
CUST_1037,David Martinez,51.0,85733,Basic,1,1
CUST_1038,Chris Jones,26.0,62107,Standard,3,1
CUST_1039,John Johnson,53.0,92082,Standard,4,0
CUST_1040,Chris Jones,37.0,22911,Basic,1,1
CUST_1041,Sarah Johnson,57.0,57504,Standard,2,0
CUST_1042,Alice Davis,,132561,Premium,5,0
CUST_1043,Michael Rodriguez,33.0,116601,Premium,5,0
CUST_1044,Chris Johnson,66.0,22049,Premium,4,0
CUST_1045,Michael Rodriguez,26.0,27400,Basic,2,1
CUST_1046,Alice Garcia,37.0,26295,Standard,1,1
CUST_1047,Chris Rodriguez,52.0,22200,Basic,1,1
CUST_1048,Emma Garcia,19.0,22869,Standard,3,1
CUST_1049,Jane Garcia,25.0,66214,Standard,1,1
CUST_1050,Michael Brown,,90091,Standard,5,0
CUST_1051,Emma Johnson,,96213,Premium,4,0
CUST_1052,Emily Johnson,51.0,68404,Standard,5,0
CUST_1053,Chris Williams,65.0,65714,Standard,1,1
CUST_1054,Emily Rodriguez,34.0,76491,Premium,5,0
CUST_1055,Chris Martinez,48.0,137858,Premium,5,0
CUST_1056,Bob Rodriguez,38.0,121279,Premium,2,0
CUST_1057,Bob Jones,59.0,140542,Premium,4,0
CUST_1058,Sarah Davis,57.0,71885,Basic,1,1
CUST_1059,Emily Johnson,43.0,86320,Premium,2,0
CUST_1060,Jane Garcia,,98069,Basic,2,1
CUST_1061,Chris Brown,67.0,49592,Standard,5,0
CUST_1062,John Johnson,24.0,109912,Standard,2,1
CUST_1063,John Brown,,144046,Basic,1,1
CUST_1064,John Garcia,,30966,Standard,4,1
CUST_1065,Bob Jones,39.0,75609,Premium,2,0
CUST_1066,Bob Rodriguez,69.0,90313,Premium,2,0
CUST_1067,Emma Martinez,25.0,39508,Basic,3,1
CUST_1068,Emily Miller,22.0,107142,Basic,2,1
CUST_1069,Jane Miller,57.0,93523,Basic,3,0
CUST_1070,David Davis,59.0,103613,Basic,3,0
CUST_1071,John Johnson,,110852,Basic,2,0
CUST_1072,Sarah Johnson,29.0,94740,Basic,1,1
CUST_1073,Bob Rodriguez,57.0,76556,Basic,4,1
CUST_1074,David Williams,56.0,49375,Standard,5,0
CUST_1075,Bob Johnson,43.0,87215,Basic,1,1
CUST_1076,Chris Johnson,,81389,Basic,3,1
CUST_1077,Chris Smith,22.0,115435,Basic,1,1
CUST_1078,Bob Williams,65.0,141172,Standard,3,0
CUST_1079,Emily Brown,27.0,99605,Standard,3,0
CUST_1080,John Williams,69.0,60158,Basic,4,1
CUST_1081,David Jones,62.0,24611,Standard,1,1
CUST_1082,Emily Jones,66.0,69115,Standard,3,0
CUST_1083,Chris Davis,52.0,55195,Basic,4,1
CUST_1084,Michael Brown,68.0,113610,Premium,3,0
CUST_1085,Emma Rodriguez,,109643,Basic,5,0
CUST_1086,Sarah Smith,,23373,Basic,1,1
CUST_1087,Emily Rodriguez,43.0,45351,Basic,1,1
CUST_1088,Chris Williams,,96797,Premium,5,0
CUST_1089,Chris Johnson,67.0,46092,Premium,5,0
CUST_1090,Jane Martinez,,80692,Premium,4,0
CUST_1091,Bob Miller,66.0,103042,Standard,3,0
CUST_1092,Emma Brown,66.0,85510,Standard,5,0
CUST_1093,John Martinez,,40150,Standard,1,1
CUST_1094,Emma Martinez,52.0,41352,Basic,1,1
CUST_1095,Michael Brown,39.0,139180,Premium,2,0
CUST_1096,Sarah Brown,53.0,36779,Premium,5,0
CUST_1097,Alice Jones,31.0,71934,Premium,4,0
CUST_1098,Jane Smith,64.0,28335,Standard,4,0
CUST_1099,Emma Johnson,,125955,Premium,2,0
CUST_1100,Bob Rodriguez,56.0,104076,Premium,5,0
CUST_1101,Sarah Johnson,26.0,43625,Premium,1,1
CUST_1102,Sarah Jones,55.0,21542,Standard,2,1
CUST_1103,Chris Jones,19.0,103460,Standard,2,1
CUST_1104,Chris Smith,25.0,33807,Premium,1,1
CUST_1105,Chris Jones,62.0,111267,Basic,5,0
CUST_1106,Jane Williams,48.0,54578,Standard,3,0
CUST_1107,Jane Rodriguez,36.0,114246,Standard,4,1
CUST_1108,Michael Martinez,30.0,106769,Standard,1,1
CUST_1109,Sarah Brown,20.0,128492,Basic,1,1
CUST_1110,Michael Rodriguez,66.0,43960,Premium,5,0
CUST_1111,John Johnson,53.0,111362,Standard,2,0
CUST_1112,Michael Smith,,91726,Standard,4,1
CUST_1113,Alice Jones,20.0,39087,Standard,2,1
CUST_1114,Emily Rodriguez,29.0,119657,Premium,5,0
CUST_1115,Chris Smith,25.0,29337,Basic,1,1
CUST_1116,Alice Rodriguez,,104665,Basic,3,1
CUST_1117,Sarah Martinez,44.0,67605,Basic,1,1
CUST_1118,David Williams,,75284,Premium,4,0
CUST_1119,Sarah Smith,23.0,25713,Standard,4,1
CUST_1120,Bob Brown,64.0,95672,Standard,2,0
CUST_1121,Sarah Rodriguez,28.0,82292,Standard,1,1
CUST_1122,David Martinez,39.0,26970,Premium,4,0
CUST_1123,Bob Williams,18.0,20404,Basic,3,1
CUST_1124,Alice Miller,,80100,Premium,5,0
CUST_1125,Sarah Miller,54.0,24809,Premium,2,0
CUST_1126,Bob Jones,38.0,76397,Basic,3,1
CUST_1127,Jane Miller,18.0,57744,Standard,1,1
CUST_1128,Emily Brown,45.0,132734,Basic,2,1
CUST_1129,Emily Garcia,67.0,57131,Premium,5,0
CUST_1130,Bob Brown,,145917,Premium,5,0
CUST_1131,Bob Miller,38.0,97709,Standard,4,0
CUST_1132,Jane Jones,56.0,101317,Standard,3,0
CUST_1133,Chris Miller,47.0,45934,Standard,1,1
CUST_1134,Chris Garcia,69.0,114456,Standard,3,0
CUST_1135,Jane Jones,68.0,63088,Premium,5,0
CUST_1136,Michael Smith,27.0,75479,Premium,3,0
CUST_1137,David Garcia,30.0,124573,Standard,4,0
CUST_1138,Sarah Miller,68.0,26254,Basic,3,1
CUST_1139,Chris Johnson,42.0,146146,Premium,4,0
CUST_1140,Emma Brown,46.0,135359,Basic,5,0
CUST_1141,David Smith,39.0,99252,Standard,5,0
CUST_1142,Chris Brown,58.0,36907,Basic,4,1
CUST_1143,Jane Garcia,44.0,43624,Basic,1,1
CUST_1144,Jane Jones,39.0,30478,Standard,1,1
CUST_1145,David Garcia,43.0,84291,Premium,2,0
CUST_1146,Michael Rodriguez,52.0,70428,Premium,3,0
CUST_1147,David Miller,45.0,93686,Standard,3,0
CUST_1148,Alice Martinez,62.0,125113,Basic,4,0
CUST_1149,David Rodriguez,64.0,87067,Basic,3,0
CUST_1150,Michael Jones,55.0,125186,Basic,5,0
CUST_1151,Emma Martinez,27.0,21062,Basic,1,1
CUST_1152,Emily Davis,61.0,24632,Premium,4,0
CUST_1153,Bob Rodriguez,58.0,145036,Standard,5,0
CUST_1154,Alice Johnson,64.0,46069,Standard,4,0
CUST_1155,Emma Garcia,,120776,Basic,3,1
CUST_1156,Bob Jones,43.0,68447,Standard,5,0
CUST_1157,Bob Williams,,21605,Basic,3,1
CUST_1158,Bob Davis,47.0,76138,Basic,1,1
CUST_1159,Jane Davis,47.0,104471,Standard,2,0
CUST_1160,Emma Brown,19.0,20846,Standard,4,1
CUST_1161,David Davis,23.0,50105,Basic,2,1
CUST_1162,Alice Smith,37.0,69376,Standard,4,1
CUST_1163,Jane Miller,28.0,52254,Standard,2,1
CUST_1164,Chris Davis,,40128,Basic,1,1
CUST_1165,Bob Johnson,61.0,59809,Basic,3,0
CUST_1166,Emily Rodriguez,37.0,28512,Basic,2,1
CUST_1167,Emma Garcia,47.0,62078,Premium,5,0
CUST_1168,Emily Martinez,61.0,62929,Basic,3,1
CUST_1169,Chris Miller,52.0,144450,Premium,5,0
CUST_1170,Chris Davis,46.0,28007,Premium,4,0
CUST_1171,Emily Davis,38.0,35524,Premium,4,0
CUST_1172,Bob Jones,31.0,125881,Premium,3,0
CUST_1173,Chris Davis,57.0,79207,Standard,4,0
CUST_1174,Michael Davis,,91520,Standard,2,0
CUST_1175,Michael Brown,64.0,65558,Standard,5,0
CUST_1176,Sarah Rodriguez,,112263,Standard,5,0
CUST_1177,Alice Brown,32.0,140430,Standard,5,0
CUST_1178,Alice Brown,,29446,Standard,1,1
CUST_1179,David Garcia,21.0,39029,Standard,4,1
CUST_1180,David Smith,27.0,63872,Basic,4,1
CUST_1181,David Miller,41.0,84435,Basic,4,1
CUST_1182,Emma Smith,25.0,84772,Standard,2,1
CUST_1183,Emma Miller,48.0,120978,Standard,5,0
CUST_1184,Sarah Jones,43.0,144714,Standard,3,0
CUST_1185,David Rodriguez,63.0,110474,Basic,5,0
CUST_1186,Chris Martinez,57.0,145885,Basic,4,0
CUST_1187,Emily Brown,29.0,59915,Standard,3,1
CUST_1188,Emily Smith,22.0,80279,Basic,1,1
CUST_1189,David Williams,26.0,139797,Basic,1,1
CUST_1190,Alice Martinez,39.0,67882,Standard,4,1
CUST_1191,David Martinez,64.0,76264,Standard,3,0
CUST_1192,John Johnson,69.0,59224,Basic,2,0
CUST_1193,Alice Davis,43.0,128618,Premium,3,0
CUST_1194,Michael Miller,44.0,77761,Premium,4,0
CUST_1195,Emily Garcia,68.0,135893,Basic,5,0
CUST_1196,David Jones,23.0,39956,Premium,1,1
CUST_1197,David Jones,45.0,36241,Standard,1,1
CUST_1198,Emily Smith,37.0,39816,Basic,4,1
CUST_1199,John Garcia,57.0,141392,Basic,5,0
CUST_1200,Jane Smith,47.0,112374,Standard,5,0
CUST_1201,Bob Brown,66.0,106444,Basic,4,0
CUST_1202,Emma Williams,35.0,53536,Standard,3,1
CUST_1203,Emily Johnson,66.0,46737,Standard,4,0
CUST_1204,Bob Davis,21.0,75168,Basic,1,1
CUST_1205,Sarah Williams,27.0,95629,Standard,1,1
CUST_1206,Jane Williams,40.0,101974,Basic,1,1
CUST_1207,Jane Martinez,,132599,Basic,4,1
CUST_1208,Michael Martinez,25.0,76373,Basic,3,1
CUST_1209,David Miller,64.0,99111,Basic,4,0
CUST_1210,Bob Johnson,33.0,139235,Premium,3,0
CUST_1211,Bob Johnson,24.0,24425,Basic,4,1
CUST_1212,Michael Martinez,36.0,40079,Basic,1,1
CUST_1213,Emma Smith,18.0,149838,Standard,2,1
CUST_1214,David Garcia,,35358,Basic,4,1
CUST_1215,Sarah Smith,54.0,98757,Standard,2,0
CUST_1216,Emily Johnson,51.0,82516,Basic,1,1
CUST_1217,Sarah Davis,67.0,55954,Standard,2,0
CUST_1218,David Williams,57.0,122337,Standard,4,0
CUST_1219,Michael Martinez,63.0,136739,Basic,5,0
CUST_1220,Chris Davis,62.0,145537,Basic,3,0
CUST_1221,Emma Jones,34.0,42180,Standard,1,1
CUST_1222,Bob Johnson,29.0,21622,Basic,2,1
CUST_1223,Emily Brown,57.0,143489,Standard,2,0
CUST_1224,Emma Martinez,24.0,113065,Premium,3,0
CUST_1225,Sarah Smith,63.0,148575,Basic,4,0
CUST_1226,Sarah Williams,18.0,39250,Basic,3,1
CUST_1227,Sarah Jones,66.0,44762,Basic,2,1
CUST_1228,Emma Jones,51.0,73302,Standard,2,0
CUST_1229,Chris Brown,,94478,Basic,2,1
CUST_1230,David Davis,69.0,35850,Premium,2,0
CUST_1231,Bob Davis,26.0,55111,Standard,1,1
CUST_1232,Emily Davis,60.0,103559,Standard,5,0
CUST_1233,Jane Jones,61.0,126667,Premium,3,0
CUST_1234,Bob Jones,29.0,71474,Basic,1,1
CUST_1235,Sarah Davis,64.0,40491,Standard,2,1
CUST_1236,Sarah Miller,25.0,32254,Premium,1,1
CUST_1237,Chris Garcia,35.0,82552,Standard,2,1
CUST_1238,Emily Jones,43.0,110600,Premium,5,0
CUST_1239,Bob Johnson,24.0,89768,Basic,1,1
CUST_1240,Sarah Johnson,40.0,119804,Standard,3,0
CUST_1241,Alice Brown,59.0,86150,Basic,2,1
CUST_1242,Emily Jones,61.0,116443,Standard,3,0
CUST_1243,Chris Martinez,40.0,98187,Standard,1,1
CUST_1244,Jane Brown,21.0,74620,Standard,4,1
CUST_1245,Sarah Williams,59.0,94859,Basic,2,1
CUST_1246,Chris Williams,59.0,86081,Basic,2,1
CUST_1247,John Rodriguez,56.0,127309,Basic,1,1
CUST_1248,Alice Davis,46.0,147293,Standard,2,0
CUST_1249,John Martinez,27.0,125373,Standard,3,1
CUST_1250,Emily Davis,22.0,30816,Basic,1,1
CUST_1251,John Jones,21.0,52913,Basic,1,1
CUST_1252,Emily Johnson,65.0,110816,Premium,4,0
CUST_1253,David Davis,,144988,Basic,5,0
CUST_1254,John Williams,23.0,20806,Premium,4,1
CUST_1255,Emma Jones,,68280,Standard,3,1
CUST_1256,Bob Johnson,25.0,76979,Premium,3,0
CUST_1257,David Martinez,60.0,81665,Basic,1,1
CUST_1258,Emma Brown,66.0,129049,Standard,2,0
CUST_1259,David Davis,26.0,96898,Standard,1,1
CUST_1260,Michael Martinez,59.0,104386,Standard,4,0
CUST_1261,Michael Martinez,55.0,74028,Basic,1,1
CUST_1262,Emma Johnson,26.0,122979,Standard,2,0
CUST_1263,Bob Brown,20.0,123320,Premium,3,0
CUST_1264,Jane Williams,26.0,66542,Standard,3,1
CUST_1265,Chris Johnson,32.0,89669,Basic,4,1
CUST_1266,David Davis,65.0,132217,Standard,4,0
CUST_1267,Emily Jones,,50561,Standard,5,0
CUST_1268,Michael Jones,62.0,119616,Premium,2,0
CUST_1269,Emily Johnson,65.0,103624,Basic,4,1
CUST_1270,Michael Martinez,42.0,46292,Standard,4,1
CUST_1271,Bob Miller,60.0,69708,Premium,4,0
CUST_1272,Bob Williams,48.0,67638,Basic,1,1
CUST_1273,Alice Johnson,,146209,Premium,5,0
CUST_1274,Michael Martinez,29.0,53062,Basic,1,1
CUST_1275,Emma Jones,34.0,147335,Basic,3,1
CUST_1276,Emily Jones,41.0,83852,Standard,1,1
CUST_1277,Michael Rodriguez,58.0,62207,Premium,5,0
CUST_1278,Emily Johnson,32.0,111357,Standard,5,0
CUST_1279,David Garcia,67.0,27491,Basic,1,1
CUST_1280,John Johnson,29.0,143797,Standard,4,0
CUST_1281,Emma Martinez,35.0,87889,Premium,5,0
CUST_1282,Michael Martinez,,97475,Standard,5,0
CUST_1283,Alice Davis,28.0,64064,Basic,2,1
CUST_1284,Emily Jones,28.0,49241,Basic,3,1
CUST_1285,Emma Miller,34.0,109186,Standard,5,0
CUST_1286,Emily Johnson,46.0,37482,Basic,2,1
CUST_1287,David Garcia,44.0,72930,Premium,5,0
CUST_1288,Jane Williams,45.0,53756,Premium,4,0
CUST_1289,Emily Jones,22.0,148386,Basic,1,1
CUST_1290,David Rodriguez,,39982,Standard,3,1
CUST_1291,Jane Garcia,35.0,58158,Standard,2,1
CUST_1292,Jane Miller,25.0,41563,Basic,2,1
CUST_1293,John Rodriguez,63.0,105553,Standard,4,0
CUST_1294,John Brown,46.0,102879,Basic,1,1
CUST_1295,Emma Davis,61.0,71027,Standard,2,0
CUST_1296,John Brown,39.0,25109,Basic,4,1
CUST_1297,Alice Jones,34.0,122471,Standard,1,1
CUST_1298,Emily Johnson,,146446,Standard,2,0
CUST_1299,Emma Brown,55.0,72648,Basic,2,1
CUST_1300,Michael Rodriguez,,95304,Basic,3,1
CUST_1301,David Johnson,50.0,94441,Standard,3,0
CUST_1302,Jane Davis,50.0,69153,Standard,3,0
CUST_1303,Alice Davis,55.0,43398,Basic,1,1
CUST_1304,Michael Rodriguez,67.0,147118,Basic,2,0
CUST_1305,David Davis,23.0,137832,Basic,1,1
CUST_1306,Bob Davis,67.0,110827,Premium,4,0
CUST_1307,David Brown,24.0,118762,Premium,5,0
CUST_1308,Chris Williams,23.0,47961,Standard,3,1
CUST_1309,Michael Miller,59.0,56877,Basic,3,1
CUST_1310,Chris Jones,40.0,130091,Basic,3,1
CUST_1311,Michael Jones,62.0,103847,Premium,5,0
CUST_1312,Emma Davis,49.0,134994,Basic,4,0
CUST_1313,Emily Rodriguez,20.0,80315,Basic,2,1
CUST_1314,Sarah Rodriguez,46.0,36309,Basic,4,1
CUST_1315,David Davis,48.0,79321,Standard,5,0
CUST_1316,Bob Brown,54.0,98339,Standard,3,0
CUST_1317,Bob Miller,,100818,Standard,5,0
CUST_1318,Emily Miller,51.0,42015,Standard,1,1
CUST_1319,Alice Davis,68.0,37778,Basic,4,1
CUST_1320,Alice Rodriguez,29.0,138402,Standard,2,1
CUST_1321,Sarah Johnson,43.0,39975,Standard,1,1
CUST_1322,Emily Johnson,61.0,86061,Premium,5,0
CUST_1323,Emily Smith,58.0,55133,Basic,4,1
CUST_1324,David Williams,,118317,Standard,2,0
CUST_1325,Michael Garcia,42.0,112152,Basic,4,0
CUST_1326,David Johnson,54.0,139044,Basic,5,0
CUST_1327,Chris Miller,40.0,121678,Basic,1,1
CUST_1328,Emily Rodriguez,,53397,Basic,1,1
CUST_1329,Jane Brown,18.0,26276,Basic,2,1
CUST_1330,Michael Brown,29.0,108576,Basic,2,1
CUST_1331,David Johnson,54.0,71886,Standard,5,0
CUST_1332,Jane Davis,66.0,121872,Standard,5,0
CUST_1333,Michael Smith,,40337,Premium,2,0
CUST_1334,John Jones,54.0,111155,Basic,5,0
CUST_1335,David Williams,22.0,49856,Standard,3,1
CUST_1336,David Martinez,59.0,61235,Premium,2,0
CUST_1337,Alice Williams,56.0,140030,Basic,4,0
CUST_1338,Emma Miller,67.0,29110,Standard,1,1
CUST_1339,Bob Davis,25.0,30225,Basic,4,1
CUST_1340,Alice Brown,49.0,33669,Premium,3,0
CUST_1341,Michael Davis,60.0,108009,Basic,3,0
CUST_1342,John Davis,34.0,44089,Premium,2,0
CUST_1343,Chris Williams,,50659,Standard,4,0
CUST_1344,Sarah Martinez,48.0,67055,Premium,5,0
CUST_1345,David Jones,19.0,123409,Standard,1,1
CUST_1346,Michael Brown,50.0,93384,Premium,2,0
CUST_1347,Emily Johnson,28.0,45923,Standard,3,1
CUST_1348,Emma Garcia,55.0,24114,Premium,4,0
CUST_1349,Michael Smith,62.0,123754,Basic,2,0
CUST_1350,David Jones,,23726,Standard,2,1
CUST_1351,John Martinez,46.0,123896,Standard,2,0
CUST_1352,Michael Brown,52.0,42443,Basic,1,1
CUST_1353,Sarah Brown,19.0,121293,Standard,4,1
CUST_1354,Emma Jones,43.0,26471,Standard,1,1
CUST_1355,Alice Johnson,42.0,52779,Basic,4,1
CUST_1356,John Jones,32.0,31563,Standard,1,1
CUST_1357,John Martinez,61.0,98714,Standard,5,0
CUST_1358,Alice Johnson,40.0,84106,Basic,1,1
CUST_1359,Sarah Miller,53.0,28906,Basic,3,1
CUST_1360,Alice Rodriguez,38.0,134828,Basic,4,1
CUST_1361,Sarah Rodriguez,69.0,112653,Basic,5,0
CUST_1362,Michael Williams,52.0,148647,Basic,2,0
CUST_1363,Emily Jones,30.0,43171,Premium,2,1
CUST_1364,Sarah Johnson,24.0,134014,Premium,2,0
CUST_1365,Jane Williams,59.0,94172,Basic,3,1
CUST_1366,Bob Miller,37.0,127971,Basic,4,1
CUST_1367,Chris Garcia,,149582,Premium,5,0
CUST_1368,David Smith,39.0,29435,Basic,1,1
CUST_1369,Jane Davis,59.0,145511,Standard,2,0
CUST_1370,Michael Martinez,43.0,147834,Standard,5,0
CUST_1371,Sarah Johnson,56.0,56041,Premium,4,0
CUST_1372,Emily Smith,53.0,85481,Standard,4,0
CUST_1373,Chris Garcia,61.0,37633,Standard,4,1
CUST_1374,Bob Johnson,34.0,61621,Basic,2,1
CUST_1375,Emily Jones,27.0,94696,Basic,4,1
CUST_1376,Jane Williams,,119073,Basic,1,1
CUST_1377,John Jones,56.0,146888,Standard,5,0
CUST_1378,Jane Johnson,63.0,80946,Standard,5,0
CUST_1379,Chris Williams,63.0,32323,Basic,1,1
CUST_1380,Sarah Rodriguez,53.0,34210,Standard,5,0
CUST_1381,Alice Miller,30.0,92240,Premium,5,0
CUST_1382,Emily Martinez,22.0,88011,Basic,1,1
CUST_1383,Michael Smith,20.0,145941,Basic,1,1
CUST_1384,Bob Davis,20.0,94069,Standard,3,1
CUST_1385,Bob Garcia,,20661,Standard,3,1
CUST_1386,Sarah Rodriguez,22.0,62828,Standard,1,1
CUST_1387,Sarah Smith,47.0,118936,Premium,5,0
CUST_1388,Bob Johnson,34.0,66479,Standard,4,1
CUST_1389,Emily Johnson,37.0,146823,Standard,2,0
CUST_1390,Emma Smith,,118452,Basic,1,1
CUST_1391,Sarah Brown,33.0,30699,Standard,1,1
CUST_1392,Emma Brown,,36163,Basic,4,1
CUST_1393,Chris Brown,19.0,50682,Basic,1,1
CUST_1394,Bob Garcia,28.0,147810,Basic,2,1
CUST_1395,Emma Smith,39.0,85450,Standard,5,0
CUST_1396,Alice Williams,54.0,110355,Basic,3,0
CUST_1397,Alice Johnson,47.0,93165,Premium,5,0
CUST_1398,John Williams,,93800,Basic,1,1
CUST_1399,Bob Martinez,42.0,83740,Premium,5,0
CUST_1400,Alice Jones,,25901,Basic,1,1
CUST_1401,David Rodriguez,30.0,68244,Basic,4,1
CUST_1402,Jane Davis,51.0,37347,Basic,3,1
CUST_1403,Sarah Rodriguez,30.0,94270,Standard,1,1
CUST_1404,Emily Rodriguez,46.0,75099,Premium,4,0
CUST_1405,Emma Smith,22.0,62913,Standard,1,1
CUST_1406,Chris Jones,28.0,69841,Basic,1,1
CUST_1407,John Smith,45.0,114397,Basic,3,1
CUST_1408,David Miller,50.0,117539,Standard,5,0
CUST_1409,Emily Davis,,88828,Standard,5,0
CUST_1410,Jane Garcia,55.0,137990,Standard,5,0
CUST_1411,Jane Williams,52.0,116774,Standard,5,0
CUST_1412,Emma Rodriguez,39.0,89252,Basic,4,1
CUST_1413,David Martinez,27.0,44022,Basic,4,1
CUST_1414,Emily Rodriguez,18.0,80428,Basic,3,1
CUST_1415,Jane Johnson,28.0,24798,Standard,4,1
CUST_1416,Chris Brown,43.0,30749,Basic,2,1
CUST_1417,Bob Miller,58.0,48380,Basic,1,1
CUST_1418,Emily Miller,38.0,84041,Premium,5,0
CUST_1419,Jane Garcia,65.0,26172,Basic,1,1
CUST_1420,Michael Garcia,57.0,110900,Premium,2,0
CUST_1421,Emily Johnson,,93616,Basic,4,1
CUST_1422,Jane Johnson,36.0,67684,Standard,4,1
CUST_1423,Sarah Williams,25.0,80920,Standard,1,1
CUST_1424,Emma Rodriguez,62.0,48082,Basic,3,1
CUST_1425,Jane Miller,28.0,90067,Standard,2,1
CUST_1426,David Smith,45.0,77906,Basic,1,1
CUST_1427,Emma Jones,55.0,48270,Basic,3,1
CUST_1428,Emma Rodriguez,34.0,37630,Standard,1,1
CUST_1429,Emily Brown,58.0,98040,Standard,3,0
CUST_1430,Sarah Rodriguez,27.0,54964,Basic,4,1
CUST_1431,Michael Martinez,49.0,132990,Standard,5,0
CUST_1432,David Rodriguez,51.0,77866,Basic,1,1
CUST_1433,Emma Martinez,42.0,90119,Standard,5,0
CUST_1434,Chris Smith,42.0,97425,Premium,4,0
CUST_1435,Michael Smith,63.0,104080,Standard,4,0
CUST_1436,Michael Garcia,49.0,140029,Premium,5,0
CUST_1437,Alice Williams,25.0,118605,Standard,5,0
CUST_1438,David Johnson,49.0,149226,Basic,5,0
CUST_1439,John Johnson,46.0,68908,Basic,4,1
CUST_1440,Bob Miller,38.0,139246,Basic,3,1
CUST_1441,Sarah Williams,30.0,128821,Standard,5,0
CUST_1442,Sarah Martinez,50.0,145623,Standard,2,0
CUST_1443,John Williams,54.0,49806,Basic,1,1
CUST_1444,Emma Smith,33.0,85095,Basic,1,1
CUST_1445,Michael Davis,51.0,130058,Basic,5,0
CUST_1446,Emily Martinez,63.0,100102,Standard,2,0
CUST_1447,Michael Brown,69.0,104899,Basic,3,0
CUST_1448,Jane Garcia,29.0,46832,Basic,3,1
CUST_1449,Michael Martinez,28.0,56751,Basic,2,1
CUST_1450,Michael Smith,54.0,102617,Basic,2,1
CUST_1451,Emma Smith,,87364,Standard,5,0
CUST_1452,Michael Brown,27.0,112197,Basic,1,1
CUST_1453,Michael Jones,24.0,88099,Standard,2,1
CUST_1454,John Davis,41.0,68868,Standard,1,1
CUST_1455,Alice Williams,47.0,135281,Standard,5,0
CUST_1456,Bob Rodriguez,36.0,130384,Standard,5,0
CUST_1457,Sarah Johnson,47.0,41817,Standard,3,1
CUST_1458,John Miller,,77775,Basic,1,1
CUST_1459,Jane Garcia,35.0,119134,Basic,2,1
CUST_1460,Emma Miller,45.0,47386,Standard,1,1
CUST_1461,David Jones,34.0,65253,Standard,2,1
CUST_1462,John Garcia,32.0,120037,Premium,3,0
CUST_1463,Emma Davis,33.0,127332,Basic,4,1
CUST_1464,Sarah Johnson,27.0,54865,Basic,4,1
CUST_1465,Jane Brown,23.0,73072,Premium,2,1
CUST_1466,David Rodriguez,,103369,Premium,5,0
CUST_1467,Michael Garcia,37.0,22096,Standard,4,1
CUST_1468,Alice Johnson,53.0,134245,Standard,5,0
CUST_1469,Jane Rodriguez,23.0,145736,Basic,3,1
CUST_1470,Sarah Garcia,61.0,57051,Basic,4,1
CUST_1471,Alice Brown,47.0,21431,Basic,3,1
CUST_1472,Michael Brown,24.0,20162,Basic,1,1
CUST_1473,Alice Johnson,30.0,69733,Basic,4,1
CUST_1474,Emily Davis,53.0,79063,Basic,4,1
CUST_1475,Emma Davis,21.0,37073,Standard,1,1
CUST_1476,Emma Martinez,49.0,27927,Standard,1,1
CUST_1477,Sarah Williams,54.0,38745,Premium,5,0
CUST_1478,Emily Davis,20.0,138358,Basic,1,1
CUST_1479,Michael Martinez,,49055,Premium,4,1
CUST_1480,Chris Johnson,58.0,26304,Basic,1,1
CUST_1481,Emily Smith,,95415,Basic,1,1
CUST_1482,Michael Johnson,45.0,43481,Standard,1,1
CUST_1483,Jane Martinez,23.0,70669,Standard,1,1
CUST_1484,David Davis,27.0,33140,Basic,1,1
CUST_1485,John Davis,51.0,96943,Standard,5,0
CUST_1486,Emma Brown,56.0,113269,Basic,4,0
CUST_1487,Emily Rodriguez,27.0,36994,Basic,1,1
CUST_1488,John Davis,49.0,83878,Premium,5,0
CUST_1489,Sarah Johnson,39.0,25774,Basic,4,1
CUST_1490,Alice Smith,32.0,38133,Basic,1,1
CUST_1491,Emily Davis,19.0,101816,Basic,2,1
CUST_1492,Emma Williams,25.0,111179,Standard,5,0
CUST_1493,Michael Miller,40.0,108664,Basic,2,1
CUST_1494,Sarah Martinez,,26852,Premium,5,0
CUST_1495,Sarah Johnson,45.0,41800,Standard,4,1
CUST_1496,Chris Miller,25.0,26710,Standard,3,1
CUST_1497,Emma Williams,19.0,104742,Standard,4,1
CUST_1498,Emma Williams,20.0,20282,Basic,4,1
CUST_1499,Michael Miller,49.0,132507,Premium,5,0
CUST_1500,Jane Jones,21.0,59901,Standard,1,1
CUST_1501,Sarah Williams,62.0,62870,Basic,4,1
CUST_1502,Chris Johnson,51.0,21283,Premium,4,0
CUST_1503,David Rodriguez,50.0,46819,Standard,3,0
CUST_1504,Sarah Jones,43.0,145949,Standard,5,0
CUST_1505,Bob Garcia,55.0,115665,Basic,5,0
CUST_1506,Emily Brown,61.0,142232,Standard,5,0
CUST_1507,Alice Williams,,66305,Premium,5,0
CUST_1508,Jane Rodriguez,45.0,79165,Basic,1,1
CUST_1509,Chris Smith,38.0,79042,Basic,1,1
CUST_1510,Emma Williams,68.0,33230,Basic,1,1
CUST_1511,Alice Williams,22.0,75915,Standard,2,1
CUST_1512,Emma Williams,52.0,98112,Basic,5,0
CUST_1513,John Miller,64.0,87494,Basic,3,1
CUST_1514,Bob Davis,18.0,41447,Basic,1,1
CUST_1515,Emily Brown,42.0,83278,Basic,4,1
CUST_1516,Michael Davis,52.0,29528,Basic,3,1
CUST_1517,Bob Garcia,34.0,73798,Premium,5,0
CUST_1518,Emma Davis,30.0,76526,Basic,2,1
CUST_1519,Michael Miller,44.0,103297,Standard,5,0
CUST_1520,David Williams,25.0,35037,Basic,1,1
CUST_1521,Emma Williams,55.0,54518,Basic,1,1
CUST_1522,John Davis,36.0,142477,Premium,5,0
CUST_1523,Chris Johnson,62.0,68454,Standard,2,0
CUST_1524,Chris Johnson,36.0,72142,Standard,3,1
CUST_1525,Alice Jones,57.0,63472,Basic,1,1
CUST_1526,Chris Williams,69.0,132728,Premium,4,0
CUST_1527,Jane Brown,21.0,70139,Premium,1,1
CUST_1528,Sarah Smith,63.0,74869,Premium,5,0
CUST_1529,David Rodriguez,52.0,86314,Premium,3,0
CUST_1530,David Johnson,38.0,115998,Standard,5,0
CUST_1531,John Garcia,50.0,92692,Basic,4,1
CUST_1532,Sarah Williams,26.0,66403,Premium,4,0
CUST_1533,Michael Davis,43.0,147795,Standard,5,0
CUST_1534,Alice Davis,68.0,128069,Standard,5,0
CUST_1535,John Johnson,,119075,Basic,4,1
CUST_1536,Bob Williams,20.0,31093,Basic,1,1
CUST_1537,Emma Rodriguez,18.0,52327,Standard,1,1
CUST_1538,Michael Brown,35.0,46512,Basic,2,1
CUST_1539,John Brown,59.0,44000,Standard,5,0
CUST_1540,Emma Davis,,115074,Basic,2,0
CUST_1541,Emily Martinez,30.0,106716,Basic,1,1
CUST_1542,Chris Martinez,25.0,57418,Premium,5,0
CUST_1543,Alice Jones,66.0,37087,Standard,4,0
CUST_1544,Emma Garcia,58.0,70952,Premium,5,0
CUST_1545,David Williams,68.0,64602,Standard,2,0
CUST_1546,Jane Rodriguez,56.0,90028,Standard,5,0
CUST_1547,Jane Rodriguez,18.0,64199,Standard,3,1
CUST_1548,Chris Rodriguez,,98279,Standard,1,1
CUST_1549,Emily Smith,62.0,84089,Premium,3,0
CUST_1550,Sarah Jones,22.0,57383,Premium,5,0
CUST_1551,Sarah Johnson,47.0,23744,Standard,1,1
CUST_1552,Jane Martinez,54.0,117938,Standard,5,0
CUST_1553,Sarah Williams,,39086,Standard,3,0
CUST_1554,Chris Garcia,46.0,106120,Standard,3,0
CUST_1555,Alice Davis,68.0,96917,Basic,5,0
CUST_1556,Emily Williams,20.0,39539,Standard,2,1
CUST_1557,Jane Davis,,113533,Basic,1,1
CUST_1558,Bob Smith,58.0,48669,Standard,3,0
CUST_1559,John Garcia,54.0,94964,Premium,2,0
CUST_1560,Chris Miller,40.0,70583,Standard,1,1
CUST_1561,Chris Davis,53.0,120962,Basic,1,1
CUST_1562,Bob Jones,55.0,81049,Standard,4,0
CUST_1563,John Garcia,45.0,72395,Premium,4,0
CUST_1564,Sarah Miller,65.0,67775,Basic,1,1
CUST_1565,Emily Miller,41.0,65734,Standard,3,1
CUST_1566,Alice Davis,54.0,101926,Basic,3,1
CUST_1567,Sarah Rodriguez,36.0,134332,Standard,3,0
CUST_1568,Jane Miller,,136130,Basic,2,0
CUST_1569,Emma Williams,66.0,136517,Premium,3,0
CUST_1570,Sarah Johnson,,138387,Standard,2,0
CUST_1571,Michael Jones,62.0,62417,Standard,4,0
CUST_1572,David Williams,20.0,140906,Basic,2,1
CUST_1573,Sarah Davis,,111369,Basic,2,1
CUST_1574,Sarah Martinez,32.0,139028,Basic,3,1
CUST_1575,Michael Smith,,91675,Standard,4,1
CUST_1576,David Garcia,30.0,40538,Premium,5,0
CUST_1577,Alice Smith,22.0,23236,Standard,4,1
CUST_1578,Emma Davis,,28556,Standard,1,1
CUST_1579,Jane Brown,51.0,136127,Standard,3,0
CUST_1580,Sarah Garcia,66.0,20340,Basic,3,1
CUST_1581,Emma Smith,41.0,101532,Standard,3,0
CUST_1582,Emily Garcia,28.0,33283,Standard,1,1
CUST_1583,Jane Martinez,36.0,97988,Standard,3,1
CUST_1584,Sarah Miller,22.0,110768,Standard,4,1
CUST_1585,Michael Brown,64.0,39595,Basic,2,1
CUST_1586,John Williams,56.0,36859,Basic,1,1
CUST_1587,David Rodriguez,29.0,33893,Basic,2,1
CUST_1588,Michael Davis,43.0,80011,Standard,1,1
CUST_1589,Emma Jones,53.0,92805,Standard,4,0
CUST_1590,Emily Brown,28.0,32991,Standard,2,1
CUST_1591,Jane Davis,35.0,41083,Premium,5,0
CUST_1592,Emily Johnson,24.0,118668,Standard,4,0
CUST_1593,Sarah Garcia,22.0,131628,Premium,5,0
CUST_1594,Chris Rodriguez,48.0,110102,Basic,2,1
CUST_1595,Michael Williams,20.0,138325,Standard,5,0
CUST_1596,Alice Garcia,33.0,37611,Premium,2,0
CUST_1597,Jane Brown,47.0,76622,Premium,3,0
CUST_1598,Bob Davis,,104761,Premium,2,0
CUST_1599,Chris Martinez,32.0,140356,Basic,4,1
CUST_1600,Chris Williams,26.0,31390,Premium,1,1
CUST_1601,Jane Johnson,51.0,74189,Basic,3,1
CUST_1602,Emily Rodriguez,47.0,120318,Basic,5,0
CUST_1603,David Martinez,,130252,Standard,5,0
CUST_1604,Sarah Johnson,36.0,123546,Premium,3,0
CUST_1605,Chris Garcia,59.0,76699,Standard,5,0
CUST_1606,Chris Martinez,19.0,131041,Standard,3,0
CUST_1607,Alice Miller,56.0,88487,Basic,2,1
CUST_1608,John Johnson,46.0,43782,Standard,4,1
CUST_1609,Michael Williams,30.0,54324,Basic,2,1
CUST_1610,Bob Garcia,42.0,133365,Basic,1,1
CUST_1611,Chris Jones,27.0,109571,Standard,3,1
CUST_1612,Michael Brown,37.0,20159,Standard,4,1
CUST_1613,Chris Jones,41.0,117102,Standard,5,0
CUST_1614,Michael Martinez,30.0,76378,Standard,1,1
CUST_1615,Chris Williams,35.0,93463,Standard,4,0
CUST_1616,Emma Williams,58.0,99563,Standard,2,0
CUST_1617,Emma Martinez,40.0,82551,Premium,2,0
CUST_1618,Emma Smith,23.0,141156,Premium,2,0
CUST_1619,John Johnson,,25793,Basic,3,1
CUST_1620,Emma Jones,35.0,133550,Premium,5,0
CUST_1621,Emma Miller,68.0,129988,Basic,3,0
CUST_1622,John Davis,46.0,82368,Premium,5,0
CUST_1623,Chris Jones,38.0,118538,Standard,2,0
CUST_1624,Michael Davis,41.0,109963,Basic,1,1
CUST_1625,David Jones,38.0,36211,Standard,3,1
CUST_1626,John Williams,54.0,145737,Basic,2,0
CUST_1627,Emily Davis,52.0,138062,Basic,4,0
CUST_1628,Emma Williams,61.0,74120,Basic,4,1
CUST_1629,Sarah Garcia,53.0,46654,Standard,1,1
CUST_1630,Alice Garcia,26.0,72389,Standard,4,1
CUST_1631,Jane Garcia,40.0,127692,Basic,1,1
CUST_1632,Jane Jones,41.0,110887,Standard,5,0
CUST_1633,Alice Johnson,,105140,Standard,2,0
CUST_1634,David Martinez,53.0,80948,Basic,1,1
CUST_1635,Alice Garcia,61.0,77134,Premium,5,0
CUST_1636,Sarah Brown,54.0,137861,Basic,2,0
CUST_1637,Emily Rodriguez,29.0,56021,Basic,4,1
CUST_1638,Michael Davis,,116664,Premium,5,0
CUST_1639,David Rodriguez,45.0,63791,Standard,3,1
CUST_1640,Bob Brown,29.0,23866,Standard,1,1
CUST_1641,John Smith,51.0,50116,Basic,4,1
CUST_1642,Emma Davis,42.0,60992,Standard,3,1
CUST_1643,John Johnson,33.0,53487,Basic,3,1
CUST_1644,Michael Garcia,30.0,72870,Premium,2,0
CUST_1645,Sarah Smith,40.0,67832,Basic,4,1
CUST_1646,Emma Rodriguez,39.0,82522,Basic,3,1
CUST_1647,Chris Jones,,69067,Basic,1,1
CUST_1648,Chris Davis,57.0,44968,Basic,2,1
CUST_1649,Michael Martinez,32.0,81215,Basic,1,1
CUST_1650,Jane Williams,34.0,58458,Standard,1,1
CUST_1651,David Garcia,27.0,116762,Standard,2,1
CUST_1652,Sarah Rodriguez,30.0,138452,Standard,5,0
CUST_1653,Alice Brown,55.0,52983,Standard,1,1
CUST_1654,David Rodriguez,,110270,Standard,3,0
CUST_1655,John Williams,55.0,136634,Standard,5,0
CUST_1656,Emily Rodriguez,38.0,148557,Basic,1,1
CUST_1657,Emma Rodriguez,31.0,51433,Basic,2,1
CUST_1658,Emma Garcia,47.0,58405,Standard,3,1
CUST_1659,Emma Jones,61.0,128101,Basic,5,0
CUST_1660,Chris Rodriguez,52.0,45851,Premium,2,0
CUST_1661,Emma Jones,35.0,125490,Basic,1,1
CUST_1662,John Garcia,43.0,148389,Basic,4,1
CUST_1663,Jane Miller,59.0,28199,Standard,3,1
CUST_1664,John Martinez,64.0,83069,Standard,3,0
CUST_1665,Emma Martinez,39.0,75388,Standard,1,1
CUST_1666,John Martinez,54.0,42601,Standard,2,1
CUST_1667,Chris Martinez,38.0,148727,Premium,3,0
CUST_1668,David Williams,25.0,94671,Basic,2,1
CUST_1669,Bob Smith,61.0,103596,Basic,5,0
CUST_1670,Jane Brown,,144341,Basic,4,1
CUST_1671,Sarah Miller,47.0,126082,Premium,4,0
CUST_1672,Bob Miller,43.0,39149,Standard,1,1
CUST_1673,Emma Davis,67.0,83232,Basic,4,1
CUST_1674,John Williams,37.0,138387,Basic,4,1
CUST_1675,Chris Garcia,18.0,107440,Basic,4,1
CUST_1676,Emily Rodriguez,58.0,104700,Standard,5,0
CUST_1677,Alice Davis,52.0,79979,Standard,2,1
CUST_1678,Sarah Rodriguez,62.0,119003,Standard,3,0
CUST_1679,Michael Martinez,37.0,70574,Standard,4,1
CUST_1680,Bob Jones,46.0,146855,Basic,3,1
CUST_1681,Bob Jones,63.0,113688,Basic,3,0
CUST_1682,Bob Davis,32.0,65026,Standard,4,1
CUST_1683,Sarah Rodriguez,53.0,82433,Standard,3,0
CUST_1684,Michael Jones,21.0,81250,Standard,3,1
CUST_1685,Chris Miller,40.0,63884,Basic,4,1
CUST_1686,David Garcia,58.0,69976,Standard,2,0
CUST_1687,Alice Jones,,145607,Basic,4,1
CUST_1688,Jane Garcia,37.0,58402,Premium,5,0
CUST_1689,Michael Davis,64.0,105160,Premium,3,0
CUST_1690,Chris Jones,67.0,80957,Basic,1,1
CUST_1691,Michael Williams,65.0,121754,Premium,5,0
CUST_1692,Emma Brown,56.0,146479,Standard,2,0
CUST_1693,Chris Brown,33.0,130138,Standard,3,0
CUST_1694,John Johnson,27.0,67135,Basic,2,1
CUST_1695,Emily Johnson,49.0,32297,Standard,1,1
CUST_1696,Alice Smith,21.0,107599,Basic,1,1
CUST_1697,Alice Miller,18.0,123614,Standard,3,1
CUST_1698,Emily Davis,34.0,30728,Standard,2,1
CUST_1699,Michael Garcia,23.0,39456,Basic,1,1
CUST_1700,John Johnson,56.0,53276,Premium,5,0
CUST_1701,Bob Rodriguez,26.0,41644,Basic,3,1
CUST_1702,John Williams,69.0,55060,Premium,5,0
CUST_1703,Alice Smith,18.0,32112,Basic,3,1
CUST_1704,David Davis,49.0,149887,Standard,5,0
CUST_1705,Michael Smith,,38919,Standard,1,1
CUST_1706,Emma Martinez,31.0,90305,Standard,2,1
CUST_1707,Sarah Jones,23.0,76184,Standard,2,1
CUST_1708,Chris Rodriguez,18.0,136164,Standard,2,1
CUST_1709,Alice Rodriguez,36.0,55531,Basic,2,1
CUST_1710,Bob Johnson,27.0,76408,Basic,2,1
CUST_1711,Emily Jones,54.0,147815,Basic,4,0
CUST_1712,John Garcia,67.0,44335,Premium,5,0
CUST_1713,Emma Brown,50.0,20112,Basic,4,1
CUST_1714,David Miller,28.0,112036,Basic,1,1
CUST_1715,Jane Miller,45.0,92525,Standard,2,1
CUST_1716,Alice Williams,50.0,115549,Basic,2,1
CUST_1717,Bob Smith,19.0,97789,Basic,3,1
CUST_1718,Bob Davis,50.0,66220,Standard,4,0
CUST_1719,Sarah Jones,46.0,123159,Premium,3,0
CUST_1720,Emma Smith,27.0,139144,Premium,2,0
CUST_1721,Sarah Brown,,36901,Standard,3,1
CUST_1722,Jane Davis,58.0,21988,Basic,1,1
CUST_1723,David Rodriguez,29.0,48230,Basic,1,1
CUST_1724,Michael Johnson,51.0,52088,Standard,1,1
CUST_1725,Michael Garcia,60.0,117718,Basic,4,1
CUST_1726,Bob Williams,64.0,50949,Basic,2,1
CUST_1727,Emily Martinez,37.0,121858,Standard,5,0
CUST_1728,Chris Davis,51.0,133557,Premium,2,0
CUST_1729,Bob Brown,49.0,114767,Standard,4,0
CUST_1730,Emma Johnson,53.0,74330,Standard,5,0
CUST_1731,Chris Garcia,,104381,Standard,5,0
CUST_1732,Emma Johnson,,80272,Basic,2,1
CUST_1733,Chris Rodriguez,18.0,126121,Basic,4,1
CUST_1734,Chris Williams,63.0,32905,Standard,1,1
CUST_1735,Chris Davis,67.0,136506,Standard,4,0
CUST_1736,Bob Martinez,69.0,27674,Basic,3,1
CUST_1737,Chris Davis,46.0,22426,Standard,1,1
CUST_1738,Emily Williams,36.0,49943,Basic,1,1
CUST_1739,Emily Martinez,,82956,Basic,1,1
CUST_1740,Emily Jones,40.0,21134,Standard,1,1
CUST_1741,David Jones,57.0,30442,Standard,4,0
CUST_1742,Bob Martinez,,106346,Standard,3,0
CUST_1743,David Garcia,55.0,80030,Premium,4,0
CUST_1744,Chris Smith,30.0,133143,Basic,2,1
CUST_1745,Jane Davis,,116007,Basic,3,0
CUST_1746,David Williams,34.0,109160,Basic,3,1
CUST_1747,David Garcia,45.0,39296,Premium,2,0
CUST_1748,David Davis,35.0,32855,Standard,2,1
CUST_1749,David Miller,,103961,Standard,3,0
CUST_1750,Chris Williams,60.0,25668,Standard,2,1
CUST_1751,Sarah Johnson,30.0,108835,Standard,5,0
CUST_1752,Chris Miller,60.0,49493,Basic,2,1
CUST_1753,Bob Smith,31.0,96709,Standard,2,0
CUST_1754,Michael Davis,55.0,51781,Basic,3,1
CUST_1755,Chris Miller,38.0,69393,Premium,5,0
CUST_1756,Bob Brown,64.0,83059,Standard,3,0
CUST_1757,Alice Jones,40.0,148664,Basic,1,1
CUST_1758,Jane Smith,69.0,89463,Standard,5,0
CUST_1759,David Martinez,53.0,82061,Basic,1,1
CUST_1760,John Brown,56.0,31087,Premium,4,0
CUST_1761,Jane Martinez,,104514,Basic,2,0
CUST_1762,Emma Smith,22.0,52854,Premium,1,1
CUST_1763,John Miller,39.0,79848,Basic,4,1
CUST_1764,Chris Brown,40.0,121004,Standard,5,0
CUST_1765,John Williams,34.0,129814,Basic,3,0
CUST_1766,Michael Brown,54.0,61605,Standard,2,0
CUST_1767,Emma Garcia,60.0,116671,Premium,3,0
CUST_1768,Sarah Brown,27.0,132622,Basic,3,1
CUST_1769,Alice Rodriguez,28.0,112365,Basic,2,1
CUST_1770,Michael Jones,,23453,Premium,1,1
CUST_1771,Emma Williams,50.0,69170,Standard,1,1
CUST_1772,David Rodriguez,18.0,120252,Standard,1,1
CUST_1773,Sarah Miller,46.0,32207,Premium,2,0
CUST_1774,Sarah Miller,46.0,57158,Basic,4,1
CUST_1775,Michael Miller,43.0,81744,Standard,1,1
CUST_1776,Chris Davis,66.0,131718,Standard,5,0
CUST_1777,Bob Jones,60.0,30655,Standard,2,0
CUST_1778,Alice Davis,45.0,62056,Standard,1,1
CUST_1779,Chris Miller,68.0,45963,Basic,1,1
CUST_1780,Chris Rodriguez,24.0,20717,Standard,2,1
CUST_1781,Bob Jones,28.0,89300,Standard,1,1
CUST_1782,Jane Davis,57.0,43185,Premium,2,0
CUST_1783,Jane Rodriguez,57.0,96067,Premium,5,0
CUST_1784,Bob Smith,66.0,57548,Standard,5,0
CUST_1785,Emma Martinez,,53402,Basic,2,1
CUST_1786,Jane Brown,36.0,134690,Basic,3,1
CUST_1787,Emma Rodriguez,69.0,22890,Standard,4,0
CUST_1788,Bob Garcia,49.0,28026,Basic,1,1
CUST_1789,John Brown,45.0,20670,Premium,5,0
CUST_1790,Jane Davis,32.0,74319,Basic,4,1
CUST_1791,Emma Brown,65.0,52172,Basic,1,1
CUST_1792,Bob Rodriguez,69.0,40176,Basic,2,1
CUST_1793,Michael Miller,24.0,55931,Basic,3,1
CUST_1794,Sarah Jones,23.0,55740,Basic,4,1
CUST_1795,Chris Davis,43.0,143683,Premium,5,0
CUST_1796,Emily Garcia,39.0,138333,Basic,2,1
CUST_1797,Sarah Garcia,57.0,60172,Basic,3,1
CUST_1798,Emma Brown,27.0,63307,Standard,1,1
CUST_1799,John Jones,29.0,69522,Premium,3,0
CUST_1800,Emma Martinez,49.0,131984,Basic,4,0
CUST_1801,Michael Williams,47.0,42588,Basic,4,1
CUST_1802,Bob Miller,49.0,57019,Standard,1,1
CUST_1803,Bob Davis,56.0,134100,Premium,5,0
CUST_1804,Sarah Jones,49.0,95542,Premium,5,0
CUST_1805,Emily Davis,29.0,36544,Standard,1,1
CUST_1806,Sarah Williams,54.0,125022,Basic,4,1
CUST_1807,Chris Davis,63.0,53457,Standard,2,0
CUST_1808,Chris Smith,63.0,132314,Standard,5,0
CUST_1809,Jane Smith,55.0,140721,Premium,4,0
CUST_1810,David Williams,50.0,70357,Standard,2,1
CUST_1811,Bob Johnson,62.0,43386,Basic,4,1
CUST_1812,John Brown,30.0,83344,Premium,5,0
CUST_1813,Sarah Smith,65.0,26644,Basic,1,1
CUST_1814,Emma Davis,66.0,37375,Basic,1,1
CUST_1815,John Smith,52.0,143394,Standard,5,0
CUST_1816,David Smith,,147314,Standard,2,1
CUST_1817,Michael Rodriguez,42.0,123699,Standard,4,0
CUST_1818,John Rodriguez,63.0,131585,Basic,4,0
CUST_1819,David Williams,38.0,55595,Standard,1,1
CUST_1820,Jane Rodriguez,59.0,72691,Premium,5,0
CUST_1821,Bob Martinez,35.0,39610,Standard,1,1
CUST_1822,Sarah Jones,40.0,143978,Basic,1,1
CUST_1823,Jane Garcia,58.0,49877,Basic,2,1
CUST_1824,Emily Martinez,18.0,84575,Premium,3,0
CUST_1825,Bob Jones,64.0,149744,Premium,3,0
CUST_1826,Jane Smith,,24529,Standard,3,1
CUST_1827,David Miller,57.0,86677,Standard,4,0
CUST_1828,John Smith,45.0,23255,Premium,2,0
CUST_1829,Jane Davis,55.0,148833,Premium,3,0
CUST_1830,Sarah Martinez,28.0,44519,Basic,4,1
CUST_1831,Jane Rodriguez,57.0,109049,Basic,3,1
CUST_1832,Bob Brown,69.0,59350,Premium,5,0
CUST_1833,Emma Davis,64.0,74199,Basic,4,1
CUST_1834,Jane Jones,40.0,108151,Premium,5,0
CUST_1835,Emma Smith,59.0,102384,Standard,2,0
CUST_1836,Sarah Smith,25.0,53998,Premium,5,0
CUST_1837,Emma Williams,29.0,98768,Standard,1,1
CUST_1838,David Johnson,47.0,111036,Basic,3,1
CUST_1839,Emma Brown,51.0,45338,Standard,1,1
CUST_1840,David Rodriguez,49.0,65619,Standard,1,1
CUST_1841,Alice Johnson,57.0,110695,Standard,4,0
CUST_1842,Sarah Smith,,134879,Basic,5,0
CUST_1843,Bob Johnson,66.0,142275,Standard,5,0
CUST_1844,Emma Martinez,54.0,64825,Premium,3,0
CUST_1845,Sarah Smith,48.0,109462,Standard,5,0
CUST_1846,Emily Davis,55.0,54057,Standard,3,1
CUST_1847,Chris Miller,40.0,137904,Standard,3,0
CUST_1848,Emma Miller,,141012,Standard,3,0
CUST_1849,Emma Jones,68.0,74219,Standard,3,0
CUST_1850,Jane Johnson,32.0,58862,Standard,2,1
CUST_1851,David Williams,38.0,74353,Standard,1,1
CUST_1852,Sarah Garcia,29.0,134091,Standard,3,0
CUST_1853,John Jones,33.0,91094,Standard,2,1
CUST_1854,Michael Johnson,42.0,132863,Basic,1,1
CUST_1855,Alice Miller,43.0,53037,Standard,3,1
CUST_1856,Chris Rodriguez,56.0,66151,Basic,3,1
CUST_1857,John Johnson,47.0,74722,Basic,4,1
CUST_1858,Jane Martinez,51.0,119023,Basic,4,0
CUST_1859,Sarah Miller,,106402,Premium,5,0
CUST_1860,David Miller,66.0,29018,Premium,2,0
CUST_1861,Chris Brown,58.0,112446,Basic,3,0
CUST_1862,Alice Miller,37.0,39942,Standard,1,1
CUST_1863,Michael Jones,67.0,93648,Standard,5,0
CUST_1864,Alice Johnson,34.0,62933,Basic,1,1
CUST_1865,Michael Miller,25.0,124433,Premium,4,0
CUST_1866,Jane Garcia,43.0,86670,Premium,2,0
CUST_1867,Bob Davis,33.0,102806,Standard,3,0
CUST_1868,Bob Davis,34.0,72509,Premium,3,0
CUST_1869,Michael Smith,30.0,115402,Basic,4,1
CUST_1870,Sarah Martinez,65.0,99414,Standard,5,0
CUST_1871,Sarah Davis,27.0,121739,Standard,5,0
CUST_1872,Emma Williams,47.0,73664,Premium,2,0
CUST_1873,Emma Brown,49.0,120110,Standard,5,0
CUST_1874,Alice Miller,31.0,98840,Standard,2,0
CUST_1875,Michael Davis,60.0,121607,Basic,4,0
CUST_1876,Bob Garcia,28.0,80006,Basic,4,1
CUST_1877,David Garcia,38.0,89460,Premium,3,0
CUST_1878,Emma Brown,55.0,110020,Standard,2,0
CUST_1879,Chris Williams,52.0,33682,Basic,1,1
CUST_1880,Chris Smith,38.0,43666,Basic,2,1
CUST_1881,Emily Brown,34.0,29221,Standard,3,1
CUST_1882,Michael Johnson,19.0,95301,Premium,3,0
CUST_1883,David Davis,66.0,97475,Premium,5,0
CUST_1884,Michael Brown,49.0,115184,Standard,4,0
CUST_1885,Alice Miller,45.0,24992,Basic,1,1
CUST_1886,Jane Davis,29.0,33255,Premium,4,0
CUST_1887,Emily Martinez,26.0,147342,Basic,3,1
CUST_1888,Chris Miller,48.0,108535,Basic,2,1
CUST_1889,Sarah Rodriguez,41.0,75805,Basic,1,1
CUST_1890,Jane Johnson,43.0,127411,Standard,5,0
CUST_1891,Sarah Williams,20.0,144857,Premium,2,0
CUST_1892,John Martinez,32.0,103106,Basic,1,1
CUST_1893,David Garcia,40.0,38782,Basic,3,1
CUST_1894,David Johnson,,141987,Basic,2,0
CUST_1895,Michael Brown,19.0,24765,Premium,4,1
CUST_1896,Chris Rodriguez,42.0,49523,Premium,2,0
CUST_1897,Emma Brown,69.0,71493,Standard,3,0
CUST_1898,David Davis,63.0,74195,Standard,3,0
CUST_1899,Emma Rodriguez,22.0,144997,Premium,5,0
CUST_1900,John Davis,64.0,61430,Standard,2,1
CUST_1901,David Johnson,57.0,76561,Standard,5,0
CUST_1902,Alice Garcia,66.0,23783,Premium,5,0
CUST_1903,Emily Brown,54.0,132695,Basic,5,0
CUST_1904,Sarah Davis,,36968,Premium,2,1
CUST_1905,Emily Garcia,,25898,Standard,3,1
CUST_1906,John Johnson,,54393,Standard,5,0
CUST_1907,Sarah Johnson,45.0,89497,Standard,1,1
CUST_1908,Alice Brown,38.0,103639,Basic,4,1
CUST_1909,Chris Williams,64.0,38816,Basic,1,1
CUST_1910,David Davis,59.0,40884,Standard,2,0
CUST_1911,David Williams,34.0,144917,Basic,1,1
CUST_1912,David Miller,,98672,Basic,4,1
CUST_1913,Emma Brown,32.0,85333,Standard,4,1
CUST_1914,David Miller,,22462,Basic,1,1
CUST_1915,Bob Brown,51.0,42553,Premium,3,0
CUST_1916,Jane Martinez,37.0,90021,Basic,1,1
CUST_1917,Chris Williams,31.0,78829,Basic,3,1
CUST_1918,Bob Davis,32.0,32306,Standard,2,1
CUST_1919,Emily Rodriguez,36.0,38323,Standard,1,1
CUST_1920,Sarah Martinez,65.0,30283,Premium,4,0
CUST_1921,David Martinez,67.0,57952,Standard,5,0
CUST_1922,Sarah Davis,30.0,81381,Standard,3,1
CUST_1923,Michael Martinez,57.0,77530,Basic,3,1
CUST_1924,Alice Garcia,62.0,133497,Basic,4,0
CUST_1925,Michael Johnson,48.0,100072,Basic,1,1
CUST_1926,Alice Rodriguez,25.0,75878,Premium,2,0
CUST_1927,Emma Williams,33.0,73218,Basic,1,1
CUST_1928,David Williams,67.0,58084,Standard,5,0
CUST_1929,Chris Williams,40.0,77796,Basic,1,1
CUST_1930,Emily Jones,63.0,59531,Basic,1,1
CUST_1931,Sarah Davis,32.0,70599,Standard,1,1
CUST_1932,Sarah Smith,54.0,29417,Standard,2,1
CUST_1933,Bob Miller,59.0,23722,Standard,3,1
CUST_1934,Chris Davis,21.0,63856,Standard,2,1
CUST_1935,Emily Miller,39.0,103136,Standard,4,0
CUST_1936,Emily Davis,30.0,47386,Standard,2,1
CUST_1937,Emma Smith,58.0,45416,Basic,2,1
CUST_1938,Bob Jones,,98916,Basic,5,0
CUST_1939,Bob Rodriguez,51.0,51980,Standard,1,1
CUST_1940,Emily Martinez,27.0,86253,Standard,1,1
CUST_1941,Emily Rodriguez,42.0,45933,Basic,1,1
CUST_1942,Emma Johnson,27.0,95874,Basic,1,1
CUST_1943,Chris Garcia,29.0,67224,Standard,2,1
CUST_1944,John Davis,28.0,110895,Standard,1,1
CUST_1945,David Johnson,33.0,67365,Standard,2,1
CUST_1946,Bob Jones,64.0,61198,Basic,3,0
CUST_1947,John Davis,43.0,24922,Standard,3,1
CUST_1948,Jane Davis,29.0,36524,Premium,5,0
CUST_1949,Jane Brown,38.0,45095,Premium,5,0
CUST_1950,Emma Garcia,45.0,114837,Basic,4,1
CUST_1951,Emma Miller,69.0,72347,Standard,5,0
CUST_1952,Alice Brown,20.0,89518,Basic,1,1
CUST_1953,John Martinez,38.0,73311,Basic,3,1
CUST_1954,Michael Martinez,46.0,99507,Standard,3,0
CUST_1955,Sarah Jones,22.0,127445,Basic,4,1
CUST_1956,Michael Rodriguez,36.0,106486,Premium,5,0
CUST_1957,Jane Williams,26.0,77062,Basic,3,1
CUST_1958,David Smith,64.0,121710,Premium,3,0
CUST_1959,Alice Williams,22.0,45491,Standard,2,1
CUST_1960,Sarah Brown,54.0,118581,Standard,3,0
CUST_1961,David Davis,26.0,73865,Standard,3,1
CUST_1962,Michael Miller,36.0,126985,Standard,5,0
CUST_1963,Jane Johnson,48.0,66418,Premium,3,0
CUST_1964,Michael Garcia,69.0,21161,Standard,4,1
CUST_1965,Emily Garcia,48.0,23178,Basic,2,1
CUST_1966,Jane Davis,38.0,46627,Standard,1,1
CUST_1967,Sarah Johnson,50.0,81386,Premium,2,0
CUST_1968,David Brown,64.0,114171,Standard,5,0
CUST_1969,Bob Davis,61.0,30770,Basic,1,1
CUST_1970,Michael Garcia,60.0,93034,Premium,2,0
CUST_1971,Alice Martinez,19.0,109904,Standard,3,1
CUST_1972,Sarah Smith,,99443,Basic,3,1
CUST_1973,Emily Smith,59.0,131399,Basic,2,0
CUST_1974,Alice Davis,59.0,71502,Basic,3,1
CUST_1975,David Brown,67.0,79754,Basic,3,0
CUST_1976,Alice Jones,49.0,74745,Standard,3,0
CUST_1977,Michael Johnson,26.0,110633,Basic,1,1
CUST_1978,Michael Johnson,65.0,106803,Standard,5,0
CUST_1979,Alice Smith,41.0,83477,Basic,1,1
CUST_1980,Michael Brown,31.0,133857,Basic,4,1
CUST_1981,Jane Johnson,,36663,Basic,4,1
CUST_1982,Emily Johnson,35.0,79095,Basic,3,1
CUST_1983,Bob Rodriguez,62.0,99267,Standard,5,0
CUST_1984,John Smith,53.0,73687,Standard,1,1
CUST_1985,Jane Miller,55.0,93922,Basic,4,1
CUST_1986,Emily Johnson,33.0,133338,Premium,5,0
CUST_1987,Jane Johnson,33.0,131952,Standard,5,0
CUST_1988,Sarah Jones,24.0,105549,Basic,4,1
CUST_1989,Alice Williams,,102291,Standard,4,0
CUST_1990,Emma Smith,31.0,123246,Premium,5,0
CUST_1991,Alice Davis,37.0,63298,Premium,5,0
CUST_1992,Bob Williams,23.0,29726,Standard,3,1
CUST_1993,Emma Davis,44.0,35960,Basic,1,1
CUST_1994,Jane Johnson,37.0,84427,Basic,1,1
CUST_1995,Jane Martinez,33.0,125058,Premium,4,0
CUST_1996,Sarah Miller,18.0,105886,Basic,4,1
CUST_1997,Alice Brown,37.0,27493,Standard,2,1
CUST_1998,Jane Brown,50.0,67234,Standard,5,0
CUST_1999,Emma Martinez,62.0,147251,Standard,5,0
CUST_2000,John Jones,68.0,106005,Premium,5,0
CUST_2001,Emma Rodriguez,39.0,37883,Standard,4,1
CUST_2002,David Jones,62.0,81269,Basic,1,1
CUST_2003,Bob Davis,65.0,43154,Standard,4,0
CUST_2004,Bob Davis,30.0,119227,Standard,2,1
CUST_2005,Jane Rodriguez,29.0,74478,Standard,2,1
CUST_2006,John Garcia,43.0,66121,Premium,5,0
CUST_2007,Alice Miller,55.0,131984,Standard,2,0
CUST_2008,Emma Miller,52.0,99079,Standard,4,0
CUST_2009,Alice Davis,54.0,147021,Standard,2,0
CUST_2010,Jane Smith,30.0,94328,Premium,3,0
CUST_2011,John Jones,28.0,146299,Premium,5,0
CUST_2012,John Miller,40.0,105489,Standard,5,0
CUST_2013,Chris Miller,36.0,27008,Standard,2,1
CUST_2014,David Johnson,47.0,40827,Premium,5,0
CUST_2015,Chris Martinez,62.0,34414,Standard,2,0
CUST_2016,Jane Jones,,34693,Basic,3,1
CUST_2017,Bob Williams,55.0,31350,Standard,1,1
CUST_2018,David Martinez,35.0,51728,Basic,4,1
CUST_2019,Jane Jones,67.0,33029,Premium,2,0
CUST_2020,Bob Smith,18.0,25867,Basic,2,1
CUST_2021,David Johnson,43.0,70435,Standard,3,0
CUST_2022,Emma Smith,26.0,116444,Standard,1,1
CUST_2023,Alice Johnson,,132250,Standard,2,0
CUST_2024,Alice Smith,35.0,139963,Basic,2,1
CUST_2025,Sarah Rodriguez,48.0,50979,Standard,1,1
CUST_2026,Michael Williams,65.0,84550,Standard,3,0
CUST_2027,Michael Johnson,61.0,91947,Premium,3,0
CUST_2028,John Garcia,43.0,20692,Basic,1,1
CUST_2029,Michael Rodriguez,,25209,Basic,3,1
CUST_2030,Emma Johnson,25.0,97463,Standard,4,1
CUST_2031,Chris Garcia,,60696,Premium,3,0
CUST_2032,Emma Williams,54.0,46123,Premium,3,0
CUST_2033,Michael Johnson,69.0,25606,Basic,1,1
CUST_2034,Jane Brown,20.0,78502,Premium,2,0
CUST_2035,John Smith,61.0,118234,Basic,4,0
CUST_2036,John Brown,,61850,Standard,1,1
CUST_2037,Sarah Miller,61.0,81822,Standard,2,0
CUST_2038,Alice Smith,38.0,95318,Basic,3,1
CUST_2039,David Brown,68.0,62614,Standard,3,0
CUST_2040,David Garcia,62.0,146613,Basic,4,0
CUST_2041,Jane Martinez,27.0,146202,Standard,5,0
CUST_2042,Chris Smith,64.0,91042,Basic,5,0
CUST_2043,Chris Smith,64.0,56133,Standard,4,0
CUST_2044,Jane Davis,20.0,29095,Basic,2,1
CUST_2045,Michael Garcia,,114658,Basic,4,1
CUST_2046,Emily Smith,20.0,72719,Basic,1,1
CUST_2047,Michael Martinez,58.0,120117,Standard,5,0
CUST_2048,Emma Brown,61.0,116256,Basic,2,0
CUST_2049,Emma Davis,42.0,53073,Basic,1,1
CUST_2050,Bob Rodriguez,43.0,78861,Standard,4,0
CUST_2051,Bob Williams,,99854,Standard,1,1
CUST_2052,David Smith,35.0,72413,Basic,3,1
CUST_2053,Sarah Smith,45.0,38610,Basic,1,1
CUST_2054,John Miller,57.0,100863,Basic,3,0
CUST_2055,Michael Johnson,65.0,126818,Premium,5,0
CUST_2056,Bob Miller,30.0,60644,Basic,1,1
CUST_2057,John Williams,27.0,120342,Basic,3,1
CUST_2058,Jane Smith,64.0,59884,Basic,2,1
CUST_2059,Chris Miller,56.0,58196,Standard,5,0
CUST_2060,Sarah Davis,61.0,29943,Basic,2,1
CUST_2061,Jane Martinez,,75371,Standard,3,1
CUST_2062,Alice Miller,,22962,Standard,4,1
CUST_2063,Emma Smith,40.0,61979,Premium,5,0
CUST_2064,Alice Brown,65.0,147394,Basic,4,0
CUST_2065,Sarah Miller,60.0,123318,Standard,5,0
CUST_2066,Sarah Garcia,60.0,23729,Standard,2,1
CUST_2067,Bob Johnson,62.0,121291,Basic,4,0
CUST_2068,Alice Martinez,64.0,114887,Basic,4,0
CUST_2069,Jane Williams,23.0,127866,Standard,4,1
CUST_2070,Sarah Miller,48.0,88116,Standard,5,0
CUST_2071,Sarah Brown,54.0,32021,Standard,1,1
CUST_2072,Emily Jones,45.0,43464,Basic,2,1
CUST_2073,Jane Williams,55.0,20901,Basic,1,1
CUST_2074,Michael Martinez,,131362,Basic,3,0
CUST_2075,Sarah Williams,,79251,Standard,5,0
CUST_2076,Bob Garcia,52.0,145629,Standard,4,0
CUST_2077,John Jones,51.0,32632,Basic,4,1
CUST_2078,Alice Smith,36.0,83382,Standard,1,1
CUST_2079,Emily Rodriguez,59.0,146866,Basic,5,0
CUST_2080,Bob Johnson,57.0,21462,Basic,4,1
CUST_2081,Alice Johnson,,34175,Premium,4,0
CUST_2082,Bob Williams,56.0,100158,Basic,5,0
CUST_2083,David Garcia,41.0,79123,Basic,3,1
CUST_2084,Jane Martinez,57.0,117800,Basic,4,0
CUST_2085,Jane Smith,69.0,82532,Standard,5,0
CUST_2086,Bob Davis,32.0,29873,Premium,2,0
CUST_2087,Jane Garcia,25.0,20066,Basic,1,1
CUST_2088,Emily Smith,47.0,135828,Basic,5,0
CUST_2089,Emma Miller,27.0,76827,Standard,3,1
CUST_2090,David Davis,,47777,Standard,4,1
CUST_2091,David Williams,40.0,81084,Basic,2,1
CUST_2092,Alice Jones,22.0,106006,Basic,1,1
CUST_2093,Alice Smith,62.0,92833,Premium,3,0
CUST_2094,Emma Brown,56.0,20731,Basic,1,1
CUST_2095,Emily Miller,28.0,88469,Basic,4,1
CUST_2096,Emily Smith,,132341,Standard,2,0
CUST_2097,David Williams,21.0,80430,Standard,2,1
CUST_2098,Chris Brown,31.0,76240,Standard,1,1
CUST_2099,Chris Smith,42.0,103087,Standard,4,0
CUST_2100,Sarah Davis,25.0,56561,Basic,4,1
CUST_2101,Emily Garcia,30.0,53798,Premium,3,0
CUST_2102,Chris Garcia,53.0,138680,Premium,4,0
CUST_2103,Alice Smith,43.0,64414,Basic,1,1
CUST_2104,Bob Smith,45.0,139682,Basic,5,0
CUST_2105,Michael Smith,56.0,125693,Premium,4,0
CUST_2106,Emily Rodriguez,37.0,72335,Basic,3,1
CUST_2107,Emma Brown,52.0,135066,Standard,5,0
CUST_2108,Jane Brown,57.0,148518,Standard,5,0
CUST_2109,Michael Rodriguez,40.0,40008,Premium,3,0
CUST_2110,John Brown,50.0,94417,Standard,2,0
CUST_2111,David Garcia,52.0,31695,Premium,4,0
CUST_2112,Alice Williams,69.0,140494,Basic,5,0
CUST_2113,Sarah Garcia,48.0,133758,Premium,5,0
CUST_2114,John Garcia,40.0,58737,Standard,3,1
CUST_2115,Emma Williams,25.0,138350,Basic,4,1
CUST_2116,Bob Davis,58.0,126337,Standard,5,0
CUST_2117,Alice Davis,,108844,Premium,5,0
CUST_2118,John Brown,31.0,45464,Basic,4,1
CUST_2119,John Rodriguez,42.0,41029,Basic,2,1
CUST_2120,Sarah Martinez,19.0,33668,Standard,4,1
CUST_2121,Alice Garcia,39.0,34626,Premium,1,1
CUST_2122,Sarah Smith,,29130,Standard,4,1
CUST_2123,Emma Williams,56.0,119809,Standard,2,0
CUST_2124,Chris Garcia,56.0,69112,Standard,2,0
CUST_2125,Sarah Miller,54.0,99335,Standard,3,0
CUST_2126,Sarah Jones,19.0,77608,Standard,1,1
CUST_2127,Alice Miller,46.0,29637,Standard,1,1
CUST_2128,Emily Garcia,35.0,46950,Premium,5,0
CUST_2129,Chris Martinez,35.0,43834,Basic,1,1
CUST_2130,Bob Martinez,45.0,30345,Basic,4,1
CUST_2131,David Jones,66.0,20228,Standard,5,0
CUST_2132,Michael Williams,59.0,66032,Premium,4,0
CUST_2133,John Martinez,24.0,91927,Basic,1,1
CUST_2134,Emma Smith,18.0,139875,Premium,4,0
CUST_2135,Sarah Martinez,64.0,54635,Premium,4,0
CUST_2136,Emma Johnson,23.0,105119,Premium,2,0
CUST_2137,Alice Garcia,52.0,114781,Basic,2,1
CUST_2138,Bob Garcia,37.0,38557,Standard,1,1
CUST_2139,Alice Johnson,34.0,119621,Basic,1,1
CUST_2140,Sarah Davis,,103053,Premium,2,0
CUST_2141,Bob Brown,61.0,46081,Premium,5,0
CUST_2142,Sarah Jones,18.0,115027,Premium,5,0
CUST_2143,John Smith,57.0,43065,Standard,2,0
CUST_2144,David Williams,53.0,69737,Standard,5,0
CUST_2145,Emily Miller,32.0,142017,Basic,3,1
CUST_2146,David Johnson,31.0,149613,Standard,3,0
CUST_2147,Emma Brown,34.0,100356,Premium,2,0
CUST_2148,Jane Smith,37.0,28320,Basic,1,1
CUST_2149,Sarah Jones,23.0,34380,Basic,1,1
CUST_2150,Jane Garcia,30.0,114598,Basic,2,1
CUST_2151,David Williams,22.0,126300,Standard,1,1
CUST_2152,Chris Johnson,50.0,123247,Premium,3,0
CUST_2153,Emma Davis,52.0,79470,Standard,5,0
CUST_2154,David Williams,51.0,132224,Premium,2,0
CUST_2155,David Williams,,40028,Basic,1,1
CUST_2156,Sarah Brown,24.0,55929,Standard,1,1
CUST_2157,David Rodriguez,50.0,30313,Premium,3,0
CUST_2158,Chris Jones,68.0,34271,Premium,4,0
CUST_2159,Michael Brown,,91376,Basic,2,1
CUST_2160,David Martinez,67.0,70617,Basic,1,1
CUST_2161,Emily Williams,,92394,Basic,4,1
CUST_2162,John Miller,,106442,Basic,2,0
CUST_2163,Emma Davis,34.0,24823,Premium,3,0
CUST_2164,John Brown,49.0,37272,Basic,1,1
CUST_2165,Michael Johnson,67.0,71567,Standard,3,0
CUST_2166,Jane Jones,28.0,86900,Standard,4,1
CUST_2167,Emily Davis,34.0,120625,Standard,3,1
CUST_2168,Michael Johnson,54.0,53324,Basic,3,1
CUST_2169,David Williams,35.0,125466,Standard,4,0
CUST_2170,David Garcia,61.0,83752,Basic,4,0
CUST_2171,John Jones,43.0,99795,Standard,3,0
CUST_2172,Michael Brown,43.0,27853,Premium,3,0
CUST_2173,Emma Smith,50.0,31049,Standard,5,0
CUST_2174,Jane Johnson,50.0,67691,Premium,3,0
CUST_2175,Chris Miller,52.0,105703,Standard,5,0
CUST_2176,Emma Brown,24.0,94797,Standard,1,1
CUST_2177,David Rodriguez,66.0,35896,Standard,3,0
CUST_2178,Chris Davis,25.0,23228,Standard,1,1
CUST_2179,Bob Davis,31.0,67914,Basic,1,1
CUST_2180,David Smith,43.0,72344,Standard,5,0
CUST_2181,Chris Martinez,43.0,127051,Standard,3,0
CUST_2182,Emma Williams,61.0,46905,Standard,3,0
CUST_2183,Emily Williams,26.0,108150,Basic,1,1
CUST_2184,Alice Brown,65.0,25499,Standard,3,1
CUST_2185,Alice Smith,31.0,88367,Basic,3,1
CUST_2186,David Brown,63.0,107173,Standard,5,0
CUST_2187,Alice Martinez,68.0,126471,Standard,4,0
CUST_2188,Jane Johnson,23.0,120435,Premium,4,0
CUST_2189,David Rodriguez,22.0,124970,Basic,2,1
CUST_2190,Michael Rodriguez,22.0,20534,Standard,4,1
CUST_2191,John Martinez,28.0,106437,Premium,5,0
CUST_2192,David Johnson,52.0,123030,Premium,5,0
CUST_2193,Alice Martinez,63.0,135233,Basic,3,0
CUST_2194,Jane Johnson,34.0,132272,Standard,5,0
CUST_2195,Jane Jones,59.0,132012,Standard,5,0
CUST_2196,Sarah Miller,39.0,60056,Premium,2,0
CUST_2197,Emily Martinez,27.0,70017,Basic,4,1
CUST_2198,John Williams,68.0,146218,Standard,3,0
CUST_2199,Alice Martinez,28.0,96411,Standard,1,1
CUST_2200,David Smith,38.0,145139,Basic,5,0
CUST_2201,Sarah Brown,,78095,Standard,4,1
CUST_2202,Emily Jones,39.0,40116,Basic,1,1
CUST_2203,John Garcia,55.0,107333,Basic,5,0
CUST_2204,Michael Jones,39.0,104523,Premium,4,0
CUST_2205,Emily Johnson,27.0,133783,Premium,5,0
CUST_2206,Bob Williams,56.0,54775,Standard,3,1
CUST_2207,Emily Garcia,49.0,128491,Basic,2,1
CUST_2208,David Martinez,27.0,142989,Premium,2,0
CUST_2209,Bob Davis,28.0,39222,Basic,3,1
CUST_2210,David Davis,57.0,136605,Basic,2,0
CUST_2211,Sarah Smith,38.0,42785,Basic,1,1
CUST_2212,Alice Johnson,54.0,43777,Standard,3,0
CUST_2213,Chris Miller,63.0,60701,Basic,4,1
CUST_2214,Chris Martinez,,52427,Basic,1,1
CUST_2215,Bob Brown,64.0,122924,Standard,5,0
CUST_2216,Bob Smith,59.0,31154,Standard,4,0
CUST_2217,Sarah Brown,33.0,88416,Basic,1,1
CUST_2218,Emily Rodriguez,25.0,50225,Premium,4,1
CUST_2219,Jane Smith,36.0,79164,Basic,2,1
CUST_2220,Emily Martinez,29.0,80289,Basic,3,1
CUST_2221,Emily Martinez,19.0,116894,Standard,1,1
CUST_2222,Sarah Williams,43.0,72311,Basic,4,1
CUST_2223,Michael Johnson,22.0,97129,Standard,1,1
CUST_2224,David Smith,63.0,148177,Premium,5,0
CUST_2225,Emma Brown,49.0,31618,Basic,3,1
CUST_2226,Bob Brown,38.0,80101,Standard,4,1
CUST_2227,David Rodriguez,,144124,Standard,5,0
CUST_2228,John Davis,62.0,102928,Premium,5,0
CUST_2229,Alice Martinez,21.0,90247,Standard,4,1
CUST_2230,Bob Jones,59.0,52152,Basic,1,1
CUST_2231,Michael Jones,45.0,125992,Standard,5,0
CUST_2232,David Garcia,45.0,47959,Basic,1,1
CUST_2233,Bob Davis,31.0,92778,Premium,5,0
CUST_2234,Chris Martinez,50.0,48742,Standard,4,1
CUST_2235,Jane Smith,46.0,89202,Basic,1,1
CUST_2236,Sarah Rodriguez,29.0,127509,Premium,2,0
CUST_2237,Emma Jones,40.0,39403,Basic,4,1
CUST_2238,Jane Davis,,135260,Premium,2,0
CUST_2239,Michael Garcia,51.0,138888,Standard,5,0
CUST_2240,Michael Jones,58.0,76574,Standard,5,0
CUST_2241,Chris Brown,69.0,31332,Basic,1,1
CUST_2242,Emma Miller,56.0,88447,Basic,2,1
CUST_2243,Alice Smith,63.0,41673,Standard,3,0
CUST_2244,Michael Jones,66.0,91101,Standard,2,0
CUST_2245,David Miller,21.0,145126,Basic,1,1
CUST_2246,Emma Martinez,41.0,89351,Standard,4,0
CUST_2247,Sarah Brown,60.0,117889,Premium,2,0
CUST_2248,Emily Garcia,43.0,55919,Standard,3,1
CUST_2249,Alice Rodriguez,47.0,23491,Standard,1,1
CUST_2250,Jane Davis,39.0,123537,Premium,5,0
CUST_2251,Michael Rodriguez,21.0,32126,Premium,1,1
CUST_2252,Alice Garcia,40.0,23317,Standard,1,1
CUST_2253,Bob Garcia,54.0,57196,Standard,5,0
CUST_2254,Michael Miller,35.0,75501,Basic,4,1
CUST_2255,Sarah Garcia,61.0,35366,Basic,4,1
CUST_2256,Michael Davis,21.0,142362,Premium,5,0
CUST_2257,Emily Smith,27.0,99369,Standard,3,1
CUST_2258,Emma Martinez,68.0,43956,Basic,4,1
CUST_2259,Jane Davis,47.0,126196,Basic,1,1
CUST_2260,Chris Johnson,22.0,55897,Basic,2,1
CUST_2261,David Rodriguez,36.0,121859,Standard,5,0
CUST_2262,John Williams,31.0,57879,Premium,1,1
CUST_2263,Bob Garcia,61.0,97065,Standard,2,0
CUST_2264,Emma Davis,18.0,33382,Basic,3,1
CUST_2265,Alice Johnson,37.0,30725,Basic,3,1
CUST_2266,Alice Garcia,22.0,116887,Standard,2,1
CUST_2267,John Davis,50.0,78560,Standard,3,0
CUST_2268,Alice Martinez,38.0,125698,Basic,4,1
CUST_2269,Emily Johnson,37.0,107475,Basic,1,1
CUST_2270,David Miller,38.0,139991,Premium,5,0
CUST_2271,Emily Miller,,101494,Standard,5,0
CUST_2272,Chris Brown,19.0,96050,Premium,2,0
CUST_2273,John Garcia,44.0,31182,Standard,3,1
CUST_2274,Chris Brown,,46128,Basic,4,1
CUST_2275,John Brown,21.0,58885,Basic,3,1
CUST_2276,Sarah Jones,21.0,39159,Basic,4,1
CUST_2277,David Rodriguez,35.0,79305,Premium,5,0
CUST_2278,Alice Johnson,35.0,28720,Premium,4,0
CUST_2279,Michael Jones,36.0,148364,Premium,2,0
CUST_2280,Chris Martinez,38.0,96208,Standard,5,0
CUST_2281,David Williams,39.0,115377,Premium,4,0
CUST_2282,Emily Garcia,45.0,141361,Standard,3,0
CUST_2283,Alice Miller,,41411,Basic,2,1
CUST_2284,Bob Williams,26.0,128538,Standard,1,1
CUST_2285,John Martinez,22.0,58285,Basic,3,1
CUST_2286,Jane Garcia,56.0,56307,Basic,3,1
CUST_2287,John Miller,55.0,138070,Basic,2,0
CUST_2288,Michael Rodriguez,18.0,78502,Basic,1,1
CUST_2289,Emma Smith,59.0,111493,Standard,3,0
CUST_2290,John Smith,19.0,65641,Standard,1,1
CUST_2291,David Davis,48.0,26130,Standard,1,1
CUST_2292,Chris Jones,23.0,134161,Standard,5,0
CUST_2293,Alice Brown,32.0,103021,Premium,5,0
CUST_2294,John Jones,67.0,50111,Basic,1,1
CUST_2295,Jane Rodriguez,21.0,137897,Basic,1,1
CUST_2296,Emma Williams,69.0,68773,Standard,5,0
CUST_2297,Jane Rodriguez,41.0,86490,Standard,3,1
CUST_2298,Jane Jones,54.0,78535,Standard,2,0
CUST_2299,Jane Davis,57.0,133100,Premium,5,0
CUST_2300,Bob Jones,44.0,83749,Standard,2,0
CUST_2301,Bob Garcia,19.0,23832,Standard,1,1
CUST_2302,Michael Williams,,148347,Standard,4,0
CUST_2303,Emily Brown,52.0,113627,Standard,5,0
CUST_2304,Emily Garcia,37.0,81030,Premium,5,0
CUST_2305,John Johnson,30.0,144023,Standard,2,0
CUST_2306,Emma Davis,57.0,138645,Standard,5,0
CUST_2307,Jane Rodriguez,,143402,Standard,5,0
CUST_2308,Jane Jones,27.0,56713,Standard,4,1
CUST_2309,Emily Jones,24.0,138764,Basic,1,1
CUST_2310,John Johnson,49.0,63539,Basic,1,1
CUST_2311,John Jones,62.0,133034,Basic,4,0
CUST_2312,Sarah Miller,63.0,143973,Basic,5,0
CUST_2313,Jane Smith,,40316,Standard,2,0
CUST_2314,Alice Williams,69.0,123712,Standard,5,0
CUST_2315,Emily Martinez,54.0,93181,Standard,3,0
CUST_2316,Jane Garcia,32.0,123081,Standard,3,0
CUST_2317,Alice Johnson,45.0,133153,Standard,2,0
CUST_2318,Emily Jones,33.0,116058,Premium,5,0
CUST_2319,Emily Miller,41.0,51932,Basic,1,1
CUST_2320,Alice Johnson,62.0,119226,Basic,4,0
CUST_2321,John Williams,55.0,55268,Premium,3,0
CUST_2322,Emma Davis,32.0,52991,Standard,4,1
CUST_2323,Emily Williams,68.0,109126,Premium,4,0
CUST_2324,Sarah Martinez,,55187,Standard,1,1
CUST_2325,Alice Davis,44.0,68291,Premium,3,0
CUST_2326,Jane Miller,18.0,45022,Basic,2,1
CUST_2327,Jane Jones,68.0,32161,Premium,5,0
CUST_2328,John Rodriguez,27.0,94308,Premium,3,0
CUST_2329,Emma Martinez,67.0,51819,Basic,4,1
CUST_2330,Sarah Rodriguez,66.0,39950,Premium,3,0
CUST_2331,Emma Johnson,38.0,23052,Standard,3,1
CUST_2332,Bob Davis,43.0,128103,Basic,5,0
CUST_2333,David Williams,20.0,45523,Standard,4,1
CUST_2334,Chris Martinez,,80726,Standard,1,1
CUST_2335,Alice Rodriguez,55.0,31437,Premium,2,0
CUST_2336,Emily Williams,,100703,Basic,4,1
CUST_2337,Emily Garcia,37.0,87847,Premium,3,0
CUST_2338,Michael Smith,46.0,142863,Standard,5,0
CUST_2339,Chris Miller,37.0,109452,Basic,1,1
CUST_2340,Bob Johnson,57.0,117372,Basic,5,0
CUST_2341,Emma Davis,,68632,Basic,2,1
CUST_2342,Emily Davis,41.0,46572,Basic,3,1
CUST_2343,Emily Smith,25.0,86262,Standard,1,1
CUST_2344,David Smith,24.0,127561,Basic,1,1
CUST_2345,John Johnson,40.0,108905,Standard,2,0
CUST_2346,Emma Jones,20.0,116261,Standard,1,1
CUST_2347,Chris Brown,35.0,89206,Premium,5,0
CUST_2348,Emily Garcia,37.0,117382,Premium,5,0
CUST_2349,John Brown,47.0,97928,Basic,2,1
CUST_2350,Sarah Rodriguez,41.0,25077,Standard,1,1
CUST_2351,Emma Davis,52.0,70711,Standard,4,0
CUST_2352,Sarah Davis,34.0,116498,Basic,2,1
CUST_2353,Bob Smith,18.0,44398,Standard,3,1
CUST_2354,Michael Rodriguez,60.0,42340,Standard,4,0
CUST_2355,Jane Smith,56.0,48930,Basic,1,1
CUST_2356,Emily Williams,43.0,71360,Basic,3,1
CUST_2357,David Johnson,37.0,30737,Standard,3,1
CUST_2358,Bob Brown,30.0,72224,Standard,1,1
CUST_2359,David Brown,36.0,87136,Basic,2,1
CUST_2360,Bob Garcia,39.0,40183,Standard,1,1
CUST_2361,David Smith,35.0,78901,Basic,3,1
CUST_2362,Emma Johnson,61.0,66694,Basic,2,1
CUST_2363,Emily Davis,26.0,59390,Premium,5,0
CUST_2364,Chris Williams,19.0,42259,Basic,1,1
CUST_2365,John Rodriguez,56.0,26073,Basic,3,1
CUST_2366,Chris Miller,19.0,37138,Basic,3,1
CUST_2367,Emily Rodriguez,29.0,69692,Standard,3,1
CUST_2368,Alice Martinez,52.0,48036,Standard,1,1
CUST_2369,Alice Johnson,66.0,147904,Standard,3,0
CUST_2370,Emma Martinez,26.0,52317,Premium,1,1
CUST_2371,Chris Miller,46.0,100206,Basic,1,1
CUST_2372,Emma Brown,67.0,58328,Basic,3,1
CUST_2373,Sarah Jones,65.0,113144,Premium,5,0
CUST_2374,Alice Williams,21.0,61846,Standard,4,1
CUST_2375,Chris Jones,48.0,57420,Premium,2,0
CUST_2376,Chris Garcia,20.0,135229,Basic,4,1
CUST_2377,Chris Brown,47.0,147880,Basic,4,0
CUST_2378,Emma Jones,63.0,41059,Standard,5,0
CUST_2379,Alice Williams,58.0,110283,Basic,3,1
CUST_2380,Sarah Johnson,64.0,114337,Basic,3,0
CUST_2381,Chris Davis,61.0,136041,Standard,4,0
CUST_2382,David Rodriguez,42.0,60097,Standard,2,1
CUST_2383,David Smith,30.0,62498,Standard,4,1
CUST_2384,John Miller,23.0,37194,Basic,1,1
CUST_2385,John Brown,43.0,137393,Basic,3,1
CUST_2386,Alice Jones,63.0,73803,Premium,5,0
CUST_2387,Alice Smith,47.0,29479,Premium,2,0
CUST_2388,Michael Brown,68.0,101171,Standard,4,0
CUST_2389,John Garcia,40.0,147898,Basic,1,1
CUST_2390,Jane Martinez,44.0,69853,Standard,3,1
CUST_2391,Chris Brown,58.0,60736,Standard,4,0
CUST_2392,Chris Miller,50.0,94094,Premium,5,0
CUST_2393,Michael Smith,59.0,59643,Basic,1,1
CUST_2394,David Miller,43.0,48804,Basic,1,1
CUST_2395,Sarah Rodriguez,,32305,Basic,1,1
CUST_2396,Michael Brown,33.0,130284,Premium,3,0
CUST_2397,Emily Brown,66.0,26789,Premium,3,0
CUST_2398,Sarah Martinez,41.0,106673,Standard,5,0
CUST_2399,Emma Brown,23.0,144877,Basic,1,1
CUST_2400,Bob Jones,56.0,95403,Standard,3,0
CUST_2401,Jane Williams,42.0,145580,Standard,3,0
CUST_2402,Chris Johnson,26.0,85614,Standard,2,1
CUST_2403,David Jones,23.0,112918,Basic,1,1
CUST_2404,Alice Williams,36.0,87906,Standard,3,1
CUST_2405,Michael Smith,46.0,76017,Basic,1,1
CUST_2406,Alice Smith,19.0,70468,Basic,4,1
CUST_2407,Sarah Martinez,,67599,Basic,3,1
CUST_2408,Emma Jones,48.0,67657,Premium,4,0
CUST_2409,Emma Rodriguez,19.0,138423,Basic,2,1
CUST_2410,Sarah Rodriguez,57.0,27961,Premium,2,0
CUST_2411,Alice Rodriguez,,142357,Basic,1,1
CUST_2412,Chris Williams,55.0,93302,Basic,3,1
CUST_2413,Chris Miller,,70715,Premium,4,0
CUST_2414,Bob Brown,57.0,55321,Premium,5,0
CUST_2415,Sarah Garcia,26.0,103028,Premium,4,0
CUST_2416,Emma Rodriguez,44.0,49680,Basic,3,1
CUST_2417,Chris Smith,48.0,44074,Basic,1,1
CUST_2418,Sarah Davis,57.0,127112,Basic,3,0
CUST_2419,Emma Martinez,22.0,55507,Standard,4,1
CUST_2420,John Garcia,37.0,43806,Premium,2,0
CUST_2421,Jane Miller,49.0,94777,Standard,2,0
CUST_2422,Michael Smith,20.0,30976,Standard,1,1
CUST_2423,Sarah Rodriguez,68.0,127810,Standard,5,0
CUST_2424,Emily Davis,,27957,Basic,4,1
CUST_2425,Bob Garcia,41.0,64135,Standard,1,1
CUST_2426,Jane Williams,37.0,77851,Premium,3,0
CUST_2427,Chris Rodriguez,,107640,Basic,5,0
CUST_2428,Jane Brown,26.0,123399,Standard,2,1
CUST_2429,Bob Miller,49.0,37393,Standard,1,1
CUST_2430,Bob Rodriguez,22.0,130805,Basic,1,1
CUST_2431,David Johnson,24.0,49187,Standard,3,1
CUST_2432,Alice Smith,33.0,113410,Basic,1,1
CUST_2433,Sarah Smith,,103096,Basic,1,1
CUST_2434,John Williams,60.0,118256,Basic,4,1
CUST_2435,Chris Johnson,56.0,123863,Standard,2,0
CUST_2436,Bob Jones,56.0,101383,Standard,2,0
CUST_2437,Emily Miller,36.0,129274,Premium,5,0
CUST_2438,John Miller,51.0,20595,Standard,4,1
CUST_2439,Chris Smith,47.0,105374,Basic,2,1
CUST_2440,Emma Johnson,33.0,86983,Basic,2,1
CUST_2441,Emma Smith,53.0,43535,Basic,1,1
CUST_2442,Jane Garcia,23.0,24055,Basic,4,1
CUST_2443,Jane Jones,55.0,98082,Standard,2,0
CUST_2444,Michael Martinez,,127620,Basic,1,1
CUST_2445,Emily Miller,48.0,69111,Basic,4,1
CUST_2446,John Davis,59.0,62719,Basic,4,1
CUST_2447,Bob Williams,44.0,54840,Basic,3,1
CUST_2448,Chris Jones,35.0,138637,Basic,3,1
CUST_2449,Alice Jones,59.0,116341,Basic,4,1
CUST_2450,Sarah Smith,45.0,72066,Basic,3,1
CUST_2451,Chris Williams,47.0,98422,Basic,2,1
CUST_2452,John Martinez,54.0,145604,Standard,3,0
CUST_2453,Chris Rodriguez,37.0,48942,Standard,1,1
CUST_2454,Michael Brown,55.0,73014,Premium,3,0
CUST_2455,Sarah Brown,25.0,95164,Basic,1,1
CUST_2456,Chris Williams,67.0,40365,Standard,5,0
CUST_2457,Bob Martinez,29.0,130402,Basic,3,1
CUST_2458,Bob Johnson,28.0,20294,Basic,3,1
CUST_2459,Emma Smith,61.0,76799,Basic,4,1
CUST_2460,Chris Davis,22.0,127779,Basic,2,1
CUST_2461,Jane Jones,54.0,49332,Basic,1,1
CUST_2462,Michael Johnson,25.0,93970,Basic,2,1
CUST_2463,Emma Davis,29.0,49283,Standard,1,1
CUST_2464,Sarah Williams,19.0,37806,Standard,3,1
CUST_2465,Bob Johnson,31.0,59339,Basic,2,1
CUST_2466,Jane Brown,41.0,47909,Basic,1,1
CUST_2467,Emily Garcia,52.0,46739,Premium,5,0
CUST_2468,Michael Martinez,35.0,27373,Standard,4,1
CUST_2469,Emma Garcia,25.0,142755,Basic,4,1
CUST_2470,David Williams,,58192,Basic,1,1
CUST_2471,Bob Brown,54.0,114945,Basic,3,1
CUST_2472,David Jones,56.0,117469,Basic,5,0
CUST_2473,Alice Garcia,22.0,115042,Standard,3,0
CUST_2474,Emily Davis,37.0,62578,Standard,4,1
CUST_2475,Michael Davis,24.0,22413,Basic,2,1
CUST_2476,Alice Martinez,,148303,Standard,2,0
CUST_2477,Michael Williams,69.0,132205,Basic,4,0
CUST_2478,Bob Jones,56.0,136854,Basic,5,0
CUST_2479,Jane Johnson,68.0,109234,Standard,5,0
CUST_2480,Chris Smith,64.0,132333,Basic,4,0
CUST_2481,Emma Miller,57.0,50699,Standard,1,1
CUST_2482,Bob Smith,26.0,129934,Basic,4,1
CUST_2483,Chris Rodriguez,50.0,114830,Premium,5,0
CUST_2484,Alice Garcia,36.0,39935,Standard,4,1
CUST_2485,Emma Jones,34.0,96669,Standard,1,1
CUST_2486,Chris Rodriguez,,138920,Basic,5,0
CUST_2487,Sarah Rodriguez,,38161,Premium,5,0
CUST_2488,Bob Martinez,63.0,61111,Basic,4,1
CUST_2489,Chris Williams,44.0,126843,Basic,3,1
CUST_2490,Alice Martinez,34.0,23232,Standard,1,1
CUST_2491,Alice Davis,50.0,30683,Basic,4,1
CUST_2492,John Brown,38.0,103641,Standard,2,0
CUST_2493,Bob Johnson,30.0,36448,Basic,1,1
CUST_2494,Bob Smith,26.0,20368,Basic,1,1
CUST_2495,Chris Garcia,66.0,50936,Standard,5,0
CUST_2496,Emily Smith,,30292,Basic,3,1
CUST_2497,Sarah Johnson,47.0,119083,Basic,4,1
CUST_2498,Chris Jones,69.0,25534,Standard,5,0
CUST_2499,Michael Martinez,28.0,101335,Standard,4,1
CUST_2500,Alice Miller,56.0,94123,Basic,1,1
CUST_2501,Sarah Martinez,57.0,45032,Standard,5,0
CUST_2502,Jane Rodriguez,30.0,131030,Basic,1,1
CUST_2503,Bob Rodriguez,45.0,112091,Basic,1,1
CUST_2504,Sarah Davis,37.0,66761,Standard,2,1
CUST_2505,Emma Smith,42.0,103276,Standard,5,0
CUST_2506,Alice Davis,48.0,87300,Premium,5,0
CUST_2507,Jane Rodriguez,60.0,58744,Standard,4,0
CUST_2508,Bob Williams,62.0,128198,Basic,2,0
CUST_2509,Sarah Martinez,69.0,55418,Standard,2,0
CUST_2510,Jane Brown,59.0,101099,Basic,5,0
CUST_2511,Sarah Johnson,59.0,43932,Standard,4,0
CUST_2512,Emily Davis,46.0,146065,Premium,5,0
CUST_2513,Alice Miller,,90248,Standard,5,0
CUST_2514,John Williams,29.0,40982,Basic,3,1
CUST_2515,Alice Williams,49.0,66936,Standard,3,0
CUST_2516,John Martinez,61.0,48074,Basic,1,1
CUST_2517,Alice Jones,22.0,126705,Basic,1,1
CUST_2518,Chris Miller,49.0,49565,Standard,1,1
CUST_2519,Emma Smith,29.0,29716,Standard,2,1
CUST_2520,Michael Johnson,37.0,20132,Basic,2,1
CUST_2521,Emma Davis,37.0,88274,Basic,4,1
CUST_2522,Alice Brown,67.0,93889,Premium,5,0
CUST_2523,Emma Williams,51.0,30481,Premium,2,0
CUST_2524,Alice Martinez,40.0,48205,Standard,2,1
CUST_2525,Michael Williams,55.0,109299,Basic,5,0
CUST_2526,Sarah Davis,61.0,81597,Premium,3,0
CUST_2527,Jane Brown,62.0,39563,Basic,2,1
CUST_2528,Alice Johnson,,124675,Standard,4,0
CUST_2529,Chris Rodriguez,58.0,147677,Standard,5,0
CUST_2530,Alice Martinez,,146695,Standard,4,0
CUST_2531,Emily Martinez,35.0,95956,Standard,2,1
CUST_2532,Chris Rodriguez,64.0,89893,Basic,4,0
CUST_2533,Jane Davis,56.0,62495,Standard,5,0
CUST_2534,Emma Rodriguez,62.0,47785,Standard,5,0
CUST_2535,David Rodriguez,54.0,95379,Basic,2,0
CUST_2536,John Rodriguez,24.0,55454,Standard,1,1
CUST_2537,Emily Miller,41.0,108074,Basic,2,1
CUST_2538,Emma Johnson,21.0,103683,Standard,4,1
CUST_2539,Michael Davis,56.0,57207,Standard,5,0
CUST_2540,Jane Jones,51.0,62438,Basic,1,1
CUST_2541,Chris Miller,56.0,96302,Standard,3,0
CUST_2542,John Smith,56.0,128739,Basic,5,0
CUST_2543,Jane Rodriguez,,130160,Standard,5,0
CUST_2544,Bob Garcia,36.0,25062,Basic,2,1
CUST_2545,Jane Williams,41.0,130533,Basic,1,1
CUST_2546,Emma Jones,56.0,89586,Standard,4,0
CUST_2547,Chris Miller,21.0,120025,Premium,2,0
CUST_2548,Emma Jones,54.0,144476,Basic,2,0
CUST_2549,David Brown,68.0,105765,Basic,5,0
CUST_2550,Chris Davis,28.0,143360,Basic,4,0
CUST_2551,Chris Rodriguez,35.0,93704,Standard,2,1
CUST_2552,Michael Martinez,34.0,99286,Basic,1,1
CUST_2553,David Williams,39.0,78876,Basic,4,1
CUST_2554,Jane Brown,21.0,120003,Premium,2,0
CUST_2555,Alice Johnson,43.0,52694,Standard,1,1
CUST_2556,David Garcia,31.0,102999,Premium,5,0
CUST_2557,Emma Smith,46.0,54523,Premium,4,0
CUST_2558,John Johnson,42.0,30514,Premium,3,0
CUST_2559,Emily Martinez,39.0,129101,Basic,4,1
CUST_2560,Jane Jones,50.0,148900,Basic,4,0
CUST_2561,Jane Martinez,,147602,Premium,4,0
CUST_2562,David Miller,65.0,41182,Basic,1,1
CUST_2563,Chris Jones,57.0,30416,Standard,3,1
CUST_2564,Emma Smith,28.0,122072,Standard,2,1
CUST_2565,Alice Davis,40.0,95930,Standard,5,0
CUST_2566,Bob Rodriguez,54.0,126629,Standard,2,0
CUST_2567,John Martinez,32.0,108921,Basic,4,1
CUST_2568,Bob Martinez,23.0,133909,Standard,5,0
CUST_2569,John Garcia,59.0,55825,Standard,4,0
CUST_2570,John Williams,,21587,Standard,4,1
CUST_2571,Michael Miller,58.0,32041,Standard,4,0
CUST_2572,David Miller,60.0,145342,Standard,5,0
CUST_2573,Chris Smith,69.0,110715,Premium,2,0
CUST_2574,Jane Johnson,67.0,31249,Basic,1,1
CUST_2575,Chris Martinez,57.0,108147,Standard,3,0
CUST_2576,Michael Brown,24.0,67013,Basic,1,1
CUST_2577,Bob Davis,36.0,56737,Basic,4,1
CUST_2578,Emma Smith,40.0,22196,Standard,1,1
CUST_2579,David Rodriguez,18.0,54077,Basic,3,1
CUST_2580,Jane Rodriguez,22.0,97514,Basic,1,1
CUST_2581,Jane Rodriguez,19.0,115567,Basic,1,1
CUST_2582,Chris Martinez,66.0,133226,Premium,3,0
CUST_2583,Emily Miller,56.0,149065,Basic,4,0
CUST_2584,Bob Garcia,20.0,75283,Standard,1,1
CUST_2585,Emily Davis,47.0,35775,Standard,1,1
CUST_2586,John Davis,68.0,73632,Basic,5,0
CUST_2587,Jane Miller,44.0,31656,Standard,1,1
CUST_2588,Bob Brown,18.0,108648,Basic,4,1
CUST_2589,David Garcia,21.0,147880,Basic,1,1
CUST_2590,John Jones,29.0,102793,Premium,5,0
CUST_2591,Jane Miller,33.0,106912,Premium,4,0
CUST_2592,Sarah Johnson,54.0,23196,Standard,4,1
CUST_2593,Alice Davis,50.0,48225,Premium,5,0
CUST_2594,Bob Martinez,35.0,136074,Premium,5,0
CUST_2595,Bob Davis,30.0,97400,Basic,4,1
CUST_2596,Bob Brown,41.0,26849,Basic,2,1
CUST_2597,Bob Brown,56.0,142492,Standard,3,0
CUST_2598,Bob Martinez,38.0,104360,Basic,1,1
CUST_2599,Jane Johnson,40.0,25190,Basic,3,1
CUST_2600,Emily Martinez,,72186,Premium,4,0
CUST_2601,Chris Smith,23.0,93508,Basic,1,1
CUST_2602,Sarah Martinez,46.0,70617,Premium,3,0
CUST_2603,Emma Jones,53.0,93263,Standard,5,0
CUST_2604,Chris Jones,33.0,138229,Standard,5,0
CUST_2605,Emma Williams,,149662,Premium,3,0
CUST_2606,David Davis,56.0,38385,Standard,3,1
CUST_2607,John Rodriguez,37.0,113321,Standard,1,1
CUST_2608,Alice Davis,63.0,126415,Standard,5,0
CUST_2609,Chris Davis,18.0,81772,Basic,1,1
CUST_2610,John Smith,45.0,30974,Premium,3,0
CUST_2611,David Martinez,30.0,28077,Basic,1,1
CUST_2612,Sarah Martinez,49.0,128642,Standard,2,0
CUST_2613,Alice Rodriguez,27.0,100391,Basic,2,1
CUST_2614,Michael Davis,67.0,55524,Basic,1,1
CUST_2615,Sarah Garcia,19.0,113476,Basic,3,1
CUST_2616,David Brown,42.0,97186,Standard,2,1
CUST_2617,Sarah Garcia,27.0,67965,Standard,1,1
CUST_2618,Michael Davis,19.0,102269,Basic,4,1
CUST_2619,Alice Martinez,25.0,131023,Premium,5,0
CUST_2620,Jane Jones,61.0,34855,Premium,4,0
CUST_2621,Chris Miller,28.0,26772,Basic,3,1
CUST_2622,Bob Williams,38.0,74097,Basic,4,1
CUST_2623,Alice Davis,23.0,101741,Premium,2,0
CUST_2624,Alice Miller,36.0,63516,Standard,1,1
CUST_2625,Chris Rodriguez,57.0,135786,Standard,3,0
CUST_2626,Emily Jones,39.0,138104,Premium,5,0
CUST_2627,Emma Smith,42.0,126305,Basic,1,1
CUST_2628,Alice Smith,45.0,144492,Standard,3,0
CUST_2629,Michael Davis,25.0,24922,Standard,1,1
CUST_2630,Jane Davis,55.0,39551,Standard,2,1
CUST_2631,Michael Garcia,31.0,121925,Basic,1,1
CUST_2632,Chris Jones,33.0,44226,Standard,1,1
CUST_2633,David Johnson,37.0,116494,Standard,2,0
CUST_2634,Emma Brown,48.0,46425,Basic,1,1
CUST_2635,Chris Williams,36.0,88295,Basic,2,1
CUST_2636,Michael Garcia,20.0,70411,Basic,2,1
CUST_2637,Chris Davis,26.0,35037,Premium,5,0
CUST_2638,Emily Johnson,54.0,108031,Basic,4,0
CUST_2639,Michael Davis,69.0,26791,Standard,5,0
CUST_2640,Alice Williams,57.0,135557,Standard,5,0
CUST_2641,Sarah Miller,28.0,48876,Standard,3,1
CUST_2642,Emma Miller,29.0,118120,Standard,5,0
CUST_2643,Jane Johnson,56.0,101371,Basic,2,1
CUST_2644,Bob Garcia,66.0,72300,Basic,5,0
CUST_2645,Michael Jones,26.0,130304,Standard,3,1
CUST_2646,David Jones,32.0,55167,Basic,2,1
CUST_2647,Sarah Martinez,25.0,142611,Basic,3,1
CUST_2648,Emily Miller,37.0,117295,Standard,4,0
CUST_2649,John Williams,66.0,144210,Basic,4,0
CUST_2650,Michael Johnson,29.0,107566,Premium,2,0
CUST_2651,David Johnson,,55645,Standard,5,0
CUST_2652,Emily Rodriguez,,28749,Standard,3,1
CUST_2653,David Rodriguez,28.0,108220,Standard,1,1
CUST_2654,Jane Johnson,69.0,32213,Basic,1,1
CUST_2655,Alice Johnson,25.0,148792,Premium,3,0
CUST_2656,David Jones,40.0,135844,Standard,5,0
CUST_2657,Michael Davis,69.0,97116,Basic,4,0
CUST_2658,Alice Rodriguez,55.0,130901,Premium,4,0
CUST_2659,John Smith,27.0,56912,Premium,1,1
CUST_2660,Sarah Davis,44.0,35928,Basic,1,1
CUST_2661,Chris Jones,46.0,57134,Standard,4,1
CUST_2662,Alice Rodriguez,29.0,105149,Basic,1,1
CUST_2663,Emma Davis,19.0,109110,Standard,4,1
CUST_2664,Emma Miller,33.0,91688,Premium,3,0
CUST_2665,Chris Jones,68.0,146344,Standard,5,0
CUST_2666,Emily Rodriguez,32.0,148938,Standard,5,0
CUST_2667,Jane Davis,61.0,134634,Premium,3,0
CUST_2668,David Jones,47.0,123915,Basic,5,0
CUST_2669,John Smith,42.0,41514,Standard,1,1
CUST_2670,Alice Garcia,42.0,93058,Standard,4,1
CUST_2671,Chris Smith,58.0,44722,Standard,3,0
CUST_2672,Emily Davis,33.0,77632,Standard,2,0
CUST_2673,David Jones,33.0,49902,Standard,3,1
CUST_2674,John Rodriguez,33.0,73517,Standard,3,0
CUST_2675,David Rodriguez,19.0,135994,Premium,2,0
CUST_2676,Bob Williams,25.0,33275,Basic,3,1
CUST_2677,David Miller,32.0,69932,Standard,3,1
CUST_2678,Jane Miller,36.0,94391,Standard,3,0
CUST_2679,Chris Martinez,58.0,133050,Basic,5,0
CUST_2680,Michael Jones,45.0,75872,Basic,4,1
CUST_2681,Chris Jones,35.0,125902,Basic,1,1
CUST_2682,Jane Williams,23.0,64135,Basic,1,1
CUST_2683,Jane Davis,58.0,125737,Standard,5,0
CUST_2684,Michael Martinez,56.0,108731,Standard,5,0
CUST_2685,Sarah Smith,69.0,97924,Premium,5,0
CUST_2686,Chris Smith,64.0,34728,Basic,4,1
CUST_2687,Jane Jones,57.0,58699,Standard,4,0
CUST_2688,Emily Smith,43.0,21245,Standard,1,1
CUST_2689,Alice Smith,60.0,88049,Basic,3,0
CUST_2690,Sarah Miller,25.0,59749,Standard,4,1
CUST_2691,Emily Garcia,48.0,85715,Basic,1,1
CUST_2692,John Garcia,,148782,Standard,2,0
CUST_2693,Alice Smith,49.0,84947,Standard,5,0
CUST_2694,David Johnson,48.0,63988,Premium,4,0
CUST_2695,Alice Brown,32.0,26533,Basic,4,1
CUST_2696,Michael Miller,37.0,20865,Basic,2,1
CUST_2697,Jane Brown,26.0,22015,Basic,2,1
CUST_2698,Emily Brown,23.0,54381,Basic,3,1
CUST_2699,John Brown,68.0,110898,Premium,3,0
CUST_2700,Jane Rodriguez,36.0,131895,Standard,2,0
CUST_2701,Bob Davis,21.0,84555,Basic,2,1
CUST_2702,Michael Garcia,46.0,123107,Basic,1,1
CUST_2703,John Rodriguez,42.0,75728,Basic,2,1
CUST_2704,Michael Davis,44.0,88184,Standard,2,1
CUST_2705,Bob Garcia,21.0,49480,Basic,1,1
CUST_2706,Bob Johnson,36.0,147543,Standard,5,0
CUST_2707,David Garcia,,107238,Standard,5,0
CUST_2708,Michael Martinez,56.0,97271,Premium,4,0
CUST_2709,Bob Smith,28.0,118628,Standard,3,1
CUST_2710,Emma Davis,24.0,119290,Standard,3,1
CUST_2711,Alice Garcia,62.0,76921,Premium,5,0
CUST_2712,Bob Williams,26.0,36105,Basic,1,1
CUST_2713,Emma Garcia,46.0,130182,Basic,1,1
CUST_2714,John Smith,48.0,115899,Standard,3,0
CUST_2715,Alice Rodriguez,42.0,139694,Premium,5,0
CUST_2716,Alice Davis,67.0,48439,Basic,1,1
CUST_2717,Chris Garcia,18.0,42391,Basic,1,1
CUST_2718,Emily Brown,,100618,Basic,1,1
CUST_2719,David Garcia,53.0,99415,Basic,4,1
CUST_2720,Michael Smith,30.0,125736,Basic,4,1
CUST_2721,Emily Rodriguez,39.0,77911,Standard,5,0
CUST_2722,Emily Brown,64.0,59770,Basic,5,0
CUST_2723,Chris Garcia,53.0,120639,Standard,3,0
CUST_2724,Emily Jones,65.0,86249,Premium,2,0
CUST_2725,Emma Rodriguez,18.0,132878,Standard,1,1
CUST_2726,Chris Williams,43.0,61420,Basic,1,1
CUST_2727,Michael Rodriguez,66.0,25167,Basic,1,1
CUST_2728,John Rodriguez,29.0,116324,Premium,2,0
CUST_2729,Alice Smith,49.0,53257,Premium,2,0
CUST_2730,Sarah Martinez,36.0,65371,Basic,4,1
CUST_2731,Jane Rodriguez,34.0,95312,Basic,3,1
CUST_2732,Bob Rodriguez,67.0,92322,Standard,5,0
CUST_2733,Chris Williams,63.0,86729,Standard,4,0
CUST_2734,Sarah Miller,37.0,147205,Standard,3,0
CUST_2735,Jane Johnson,18.0,122487,Premium,5,0
CUST_2736,Jane Smith,34.0,148381,Standard,4,0
CUST_2737,Alice Williams,39.0,132713,Standard,4,0
CUST_2738,Bob Johnson,29.0,43341,Standard,2,1
CUST_2739,Jane Smith,63.0,35700,Basic,3,1
CUST_2740,David Davis,44.0,92499,Standard,5,0
CUST_2741,Emma Jones,,32780,Basic,2,1
CUST_2742,Bob Martinez,58.0,21509,Standard,4,1
CUST_2743,John Brown,63.0,128144,Basic,5,0
CUST_2744,Jane Davis,43.0,40344,Standard,3,1
CUST_2745,John Garcia,18.0,89035,Standard,4,1
CUST_2746,David Garcia,19.0,28080,Standard,2,1
CUST_2747,John Martinez,33.0,143791,Standard,3,0
CUST_2748,John Johnson,61.0,118375,Basic,4,0
CUST_2749,Jane Brown,47.0,82451,Basic,1,1
CUST_2750,Jane Johnson,36.0,79372,Standard,1,1
CUST_2751,Chris Miller,67.0,55057,Basic,1,1
CUST_2752,Chris Brown,31.0,64111,Basic,4,1
CUST_2753,Alice Rodriguez,65.0,94877,Standard,5,0
CUST_2754,David Johnson,60.0,110575,Basic,2,0
CUST_2755,Emma Garcia,26.0,99409,Standard,3,1
CUST_2756,David Johnson,40.0,86101,Standard,5,0
CUST_2757,Alice Rodriguez,20.0,131417,Basic,1,1
CUST_2758,Sarah Williams,34.0,72134,Standard,4,1
CUST_2759,Emma Davis,36.0,132148,Standard,4,0
CUST_2760,Sarah Rodriguez,69.0,39522,Basic,4,1
CUST_2761,Sarah Garcia,21.0,132121,Standard,5,0
CUST_2762,David Garcia,68.0,62676,Basic,1,1
CUST_2763,Emma Rodriguez,40.0,22176,Standard,4,1
CUST_2764,Chris Jones,48.0,148570,Basic,5,0
CUST_2765,Emily Davis,42.0,148416,Basic,5,0
CUST_2766,John Smith,43.0,57251,Standard,1,1
CUST_2767,Emma Smith,40.0,143331,Standard,4,0
CUST_2768,Michael Smith,48.0,32500,Premium,4,0
CUST_2769,Bob Brown,58.0,137276,Premium,5,0
CUST_2770,John Jones,20.0,72672,Premium,4,0
CUST_2771,Chris Rodriguez,31.0,99915,Basic,4,1
CUST_2772,Emma Williams,,68624,Premium,2,0
CUST_2773,Emily Garcia,46.0,59236,Basic,1,1
CUST_2774,Michael Garcia,65.0,133197,Standard,4,0
CUST_2775,Bob Brown,67.0,73811,Basic,3,1
CUST_2776,Michael Johnson,36.0,86134,Standard,4,1
CUST_2777,Emma Brown,20.0,34908,Premium,4,1
CUST_2778,Sarah Davis,40.0,124733,Basic,1,1
CUST_2779,Emma Johnson,22.0,82576,Basic,3,1
CUST_2780,Michael Smith,21.0,53697,Premium,1,1
CUST_2781,Emma Miller,,31136,Standard,1,1
CUST_2782,John Garcia,50.0,143168,Basic,3,0
CUST_2783,David Miller,40.0,141937,Premium,5,0
CUST_2784,Jane Brown,59.0,81451,Standard,3,0
CUST_2785,Emma Smith,26.0,75401,Standard,1,1
CUST_2786,David Smith,31.0,70044,Standard,4,1
CUST_2787,John Garcia,19.0,102630,Basic,4,1
CUST_2788,Alice Garcia,36.0,142456,Basic,4,1
CUST_2789,Bob Williams,,47007,Basic,1,1
CUST_2790,David Davis,54.0,42024,Basic,3,1
CUST_2791,Emma Rodriguez,,122120,Basic,2,0
CUST_2792,David Jones,42.0,116741,Premium,3,0
CUST_2793,Alice Williams,43.0,24535,Standard,1,1
CUST_2794,Emily Martinez,48.0,79812,Standard,3,0
CUST_2795,Chris Miller,49.0,91127,Basic,4,1
CUST_2796,David Rodriguez,49.0,47206,Standard,1,1
CUST_2797,Alice Williams,55.0,145627,Basic,4,0
CUST_2798,Bob Davis,69.0,31219,Standard,5,0
CUST_2799,Emma Brown,44.0,64891,Standard,2,1
CUST_2800,Chris Brown,69.0,102016,Standard,2,0
CUST_2801,Michael Miller,62.0,143911,Basic,5,0
CUST_2802,Emma Johnson,50.0,99360,Standard,4,0
CUST_2803,David Miller,42.0,96281,Basic,2,1
CUST_2804,Bob Garcia,35.0,135377,Standard,2,0
CUST_2805,John Jones,56.0,49455,Standard,1,1
CUST_2806,Sarah Martinez,24.0,32109,Basic,3,1
CUST_2807,Emily Martinez,46.0,63151,Basic,4,1
CUST_2808,John Brown,44.0,83832,Basic,2,1
CUST_2809,Sarah Williams,52.0,140864,Standard,3,0
CUST_2810,Jane Johnson,61.0,145320,Standard,5,0
CUST_2811,Bob Martinez,62.0,70192,Standard,4,0
CUST_2812,Michael Smith,22.0,119981,Premium,3,0
CUST_2813,Jane Jones,42.0,83308,Basic,1,1
CUST_2814,John Garcia,54.0,81756,Standard,2,0
CUST_2815,Chris Brown,26.0,87507,Standard,1,1
CUST_2816,Chris Jones,39.0,47818,Premium,5,0
CUST_2817,Emma Williams,30.0,38526,Standard,2,1
CUST_2818,John Miller,24.0,121846,Standard,1,1
CUST_2819,Chris Smith,23.0,114296,Basic,4,1
CUST_2820,John Jones,19.0,143145,Premium,5,0
CUST_2821,Emma Jones,,123021,Premium,3,0
CUST_2822,John Johnson,53.0,134841,Premium,2,0
CUST_2823,Michael Garcia,40.0,25607,Premium,5,0
CUST_2824,John Jones,52.0,78382,Standard,4,0
CUST_2825,David Brown,60.0,137232,Standard,2,0
CUST_2826,Chris Johnson,46.0,20329,Standard,2,1
CUST_2827,Emily Martinez,68.0,37772,Standard,5,0
CUST_2828,Alice Brown,50.0,46707,Standard,3,1
CUST_2829,Emily Rodriguez,36.0,73934,Basic,2,1
CUST_2830,John Smith,48.0,130814,Basic,3,0
CUST_2831,Chris Jones,65.0,111998,Premium,4,0
CUST_2832,David Williams,,43769,Basic,3,1
CUST_2833,Sarah Garcia,36.0,66336,Basic,4,1
CUST_2834,Bob Rodriguez,19.0,67655,Basic,2,1
CUST_2835,John Jones,60.0,53979,Standard,5,0
CUST_2836,John Rodriguez,28.0,134119,Basic,4,1
CUST_2837,Bob Williams,38.0,131193,Basic,3,1
CUST_2838,David Williams,,124205,Basic,2,1
CUST_2839,David Rodriguez,49.0,51153,Standard,1,1
CUST_2840,Emma Brown,69.0,149515,Basic,5,0
CUST_2841,Emma Williams,55.0,78784,Standard,2,0
CUST_2842,Michael Martinez,35.0,41573,Standard,4,1
CUST_2843,Chris Williams,24.0,45104,Standard,2,1
CUST_2844,Alice Martinez,30.0,143182,Basic,4,1
CUST_2845,Bob Williams,65.0,48164,Basic,1,1
CUST_2846,Chris Williams,36.0,41604,Premium,3,0
CUST_2847,Alice Martinez,23.0,28007,Basic,3,1
CUST_2848,Sarah Johnson,64.0,94791,Basic,4,1
CUST_2849,Jane Williams,38.0,37152,Basic,4,1
CUST_2850,Alice Smith,50.0,122659,Standard,2,0
CUST_2851,David Miller,33.0,40478,Basic,1,1
CUST_2852,Michael Williams,59.0,22892,Basic,2,1
CUST_2853,Jane Williams,52.0,133561,Basic,2,0
CUST_2854,Emma Martinez,68.0,25947,Standard,4,0
CUST_2855,Emma Martinez,19.0,88960,Standard,2,1
CUST_2856,Bob Brown,60.0,115422,Basic,3,0
CUST_2857,Sarah Johnson,52.0,62845,Premium,4,0
CUST_2858,Emily Williams,61.0,129688,Basic,5,0
CUST_2859,Emma Davis,55.0,141844,Basic,2,0
CUST_2860,Sarah Williams,20.0,92420,Premium,2,0
CUST_2861,Emily Davis,52.0,123673,Standard,4,0
CUST_2862,Bob Brown,,24023,Premium,1,1
CUST_2863,John Jones,24.0,48460,Basic,1,1
CUST_2864,Bob Brown,58.0,112038,Standard,3,0
CUST_2865,Jane Williams,59.0,21391,Standard,2,0
CUST_2866,Emily Martinez,60.0,31882,Standard,5,0
CUST_2867,Sarah Davis,49.0,75659,Basic,1,1
CUST_2868,David Miller,21.0,116894,Basic,1,1
CUST_2869,Emma Miller,57.0,84514,Standard,5,0
CUST_2870,David Martinez,67.0,38799,Basic,1,1
CUST_2871,Emma Martinez,28.0,66553,Standard,3,1
CUST_2872,John Rodriguez,52.0,88126,Standard,3,0
CUST_2873,Emily Smith,64.0,116356,Standard,2,0
CUST_2874,Bob Rodriguez,58.0,142778,Premium,5,0
CUST_2875,John Rodriguez,56.0,34716,Premium,5,0
CUST_2876,John Brown,32.0,33844,Premium,5,0
CUST_2877,David Jones,61.0,80096,Premium,2,0
CUST_2878,Michael Davis,40.0,108667,Standard,4,0
CUST_2879,Michael Martinez,32.0,79136,Standard,1,1
CUST_2880,Chris Williams,49.0,143592,Standard,5,0
CUST_2881,Emily Johnson,48.0,81855,Basic,2,1
CUST_2882,Jane Williams,34.0,87619,Standard,1,1
CUST_2883,Chris Williams,37.0,123565,Standard,5,0
CUST_2884,Sarah Davis,,135589,Standard,5,0
CUST_2885,Emily Martinez,23.0,97518,Standard,1,1
CUST_2886,Bob Davis,,24008,Basic,3,1
CUST_2887,Sarah Williams,63.0,139753,Premium,5,0
CUST_2888,Jane Johnson,19.0,88259,Basic,2,1
CUST_2889,Emily Garcia,,122654,Premium,5,0
CUST_2890,David Rodriguez,24.0,69629,Basic,3,1
CUST_2891,Alice Miller,56.0,90467,Premium,5,0
CUST_2892,John Williams,22.0,40534,Basic,1,1
CUST_2893,Emma Williams,54.0,92666,Basic,4,1
CUST_2894,Alice Williams,47.0,48930,Premium,2,0
CUST_2895,John Miller,26.0,117780,Basic,4,1
CUST_2896,Emily Jones,32.0,54229,Basic,3,1
CUST_2897,Jane Williams,27.0,71468,Standard,2,1
CUST_2898,John Martinez,25.0,145724,Basic,2,1
CUST_2899,John Davis,19.0,64721,Basic,1,1
CUST_2900,Emily Rodriguez,20.0,88943,Basic,1,1
CUST_2901,Emma Davis,47.0,146417,Standard,5,0
CUST_2902,Emma Davis,34.0,131769,Basic,3,1
CUST_2903,Emily Johnson,62.0,149537,Standard,4,0
CUST_2904,John Brown,19.0,114712,Standard,3,1
CUST_2905,Michael Martinez,25.0,52705,Premium,1,1
CUST_2906,Bob Smith,61.0,96820,Basic,3,0
CUST_2907,John Garcia,,86920,Basic,1,1
CUST_2908,John Martinez,54.0,113011,Basic,3,1
CUST_2909,Michael Garcia,35.0,30482,Basic,4,1
CUST_2910,John Johnson,42.0,70110,Premium,3,0
CUST_2911,Alice Williams,44.0,118315,Basic,1,1
CUST_2912,Emma Martinez,67.0,69177,Standard,4,0
CUST_2913,Chris Williams,18.0,99303,Standard,1,1
CUST_2914,Emma Garcia,36.0,76344,Standard,3,1
CUST_2915,Jane Jones,18.0,127954,Basic,3,1
CUST_2916,David Johnson,22.0,134648,Basic,4,1
CUST_2917,Chris Johnson,54.0,140759,Basic,4,0
CUST_2918,Alice Johnson,24.0,124496,Premium,4,0
CUST_2919,Michael Garcia,51.0,74176,Standard,5,0
CUST_2920,Chris Brown,40.0,140360,Basic,1,1
CUST_2921,Emma Smith,46.0,134360,Basic,1,1
CUST_2922,Chris Johnson,26.0,25745,Basic,1,1
CUST_2923,Emma Jones,48.0,39781,Basic,3,1
CUST_2924,Sarah Jones,39.0,88684,Standard,2,1
CUST_2925,Emma Garcia,41.0,96764,Premium,3,0
CUST_2926,Emma Martinez,18.0,45395,Premium,3,0
CUST_2927,Emily Davis,53.0,22881,Standard,1,1
CUST_2928,Emma Brown,31.0,82457,Basic,1,1
CUST_2929,Bob Smith,36.0,97711,Standard,3,0
CUST_2930,Emily Johnson,40.0,146324,Standard,4,0
CUST_2931,Bob Martinez,43.0,108952,Premium,4,0
CUST_2932,David Smith,51.0,110504,Standard,5,0
CUST_2933,Chris Brown,,143012,Basic,4,1
CUST_2934,Bob Jones,26.0,32380,Standard,1,1
CUST_2935,Jane Jones,68.0,77609,Basic,2,0
CUST_2936,Chris Garcia,22.0,91033,Basic,1,1
CUST_2937,Jane Garcia,68.0,107985,Premium,4,0
CUST_2938,Emma Martinez,65.0,52543,Standard,5,0
CUST_2939,Alice Brown,23.0,71370,Standard,2,1
CUST_2940,Sarah Davis,36.0,54017,Standard,2,1
CUST_2941,John Williams,52.0,30588,Basic,3,1
CUST_2942,Emily Rodriguez,45.0,60721,Basic,1,1
CUST_2943,Emily Miller,23.0,147616,Basic,2,1
CUST_2944,John Rodriguez,60.0,69492,Basic,2,1
CUST_2945,Sarah Rodriguez,36.0,29308,Premium,3,1
CUST_2946,Bob Martinez,50.0,73879,Basic,1,1
CUST_2947,Sarah Johnson,48.0,58203,Basic,1,1
CUST_2948,Michael Smith,54.0,70385,Basic,4,1
CUST_2949,David Rodriguez,46.0,39871,Standard,2,1
CUST_2950,Emma Martinez,49.0,41381,Basic,1,1
CUST_2951,Emma Johnson,18.0,36702,Standard,1,1
CUST_2952,Michael Garcia,37.0,145702,Standard,2,0
CUST_2953,Michael Miller,,102643,Basic,4,0
CUST_2954,Bob Garcia,64.0,36651,Standard,2,0
CUST_2955,Michael Brown,43.0,94466,Standard,4,0
CUST_2956,Alice Johnson,32.0,48757,Standard,4,1
CUST_2957,John Brown,22.0,58333,Standard,1,1
CUST_2958,Emily Rodriguez,,145520,Basic,5,0
CUST_2959,Emily Rodriguez,20.0,64324,Standard,2,1
CUST_2960,Sarah Davis,52.0,70867,Standard,3,0
CUST_2961,Chris Jones,69.0,74691,Standard,3,0
CUST_2962,Alice Johnson,65.0,80839,Basic,5,0
CUST_2963,Chris Williams,48.0,52314,Standard,5,0
CUST_2964,John Davis,36.0,30686,Standard,1,1
CUST_2965,Chris Johnson,,56723,Basic,2,1
CUST_2966,John Martinez,24.0,29244,Standard,2,1
CUST_2967,Sarah Davis,48.0,135472,Basic,2,0
CUST_2968,Jane Rodriguez,51.0,90572,Basic,4,1
CUST_2969,Michael Smith,29.0,68700,Basic,4,1
CUST_2970,Michael Brown,29.0,91934,Standard,4,1
CUST_2971,Bob Jones,54.0,113948,Premium,3,0
CUST_2972,Sarah Davis,52.0,93596,Standard,5,0
CUST_2973,Michael Williams,29.0,133920,Basic,2,1
CUST_2974,Jane Smith,36.0,27887,Standard,1,1
CUST_2975,Chris Rodriguez,43.0,133292,Premium,4,0
CUST_2976,Chris Garcia,40.0,48546,Premium,4,0
CUST_2977,Michael Williams,69.0,66566,Basic,1,1
CUST_2978,Michael Martinez,63.0,72132,Basic,3,1
CUST_2979,Jane Jones,38.0,34179,Premium,5,0
CUST_2980,Sarah Rodriguez,31.0,36116,Standard,2,1
CUST_2981,Alice Smith,34.0,34193,Standard,1,1
CUST_2982,John Johnson,60.0,102735,Standard,5,0
CUST_2983,Jane Miller,50.0,131646,Basic,5,0
CUST_2984,Emma Martinez,25.0,127334,Basic,3,1
CUST_2985,Emily Martinez,26.0,101481,Standard,3,1
CUST_2986,Sarah Brown,23.0,39346,Basic,1,1
CUST_2987,Chris Johnson,41.0,41976,Basic,4,1
CUST_2988,Emily Martinez,38.0,129443,Standard,4,0
CUST_2989,Emily Johnson,18.0,84732,Standard,1,1
CUST_2990,Emily Davis,32.0,108529,Standard,4,0
CUST_2991,Bob Williams,41.0,22274,Basic,2,1
CUST_2992,Emma Jones,35.0,40044,Basic,3,1
CUST_2993,David Williams,39.0,30411,Standard,4,1
CUST_2994,Sarah Garcia,42.0,37771,Basic,2,1
CUST_2995,John Johnson,36.0,129283,Basic,2,1
CUST_2996,Sarah Davis,53.0,51589,Basic,4,1
CUST_2997,Alice Jones,59.0,71574,Standard,3,0
CUST_2998,Emma Martinez,31.0,84230,Premium,3,0
CUST_2999,Jane Miller,40.0,141323,Basic,1,1
